Date,Open,High,Low,Close
2010-11-04,291.0,344.9,291.0,342.55
2010-11-05,343.0,356.5,343.0,349.85
2010-11-08,351.8,355.9,329.5,330.75
2010-11-09,330.15,333.4,325.0,326.05
2010-11-10,325.4,327.8,320.05,322.8
2010-11-11,323.0,336.95,321.85,328.55
2010-11-12,330.0,332.95,318.0,320.15
2010-11-15,321.2,322.9,315.05,317.2
2010-11-16,320.0,323.95,316.1,318.05
2010-11-18,319.6,328.95,310.0,326.9
2010-11-19,330.25,339.95,328.1,333.55
2010-11-22,336.0,337.0,315.0,333.35
2010-11-23,330.5,332.4,317.5,320.15
2010-11-24,329.35,329.35,310.0,310.8
2010-11-25,314.0,318.35,311.1,313.2
2010-11-26,315.0,316.0,301.0,312.7
2010-11-29,311.4,319.7,308.2,317.45
2010-11-30,315.0,319.0,312.0,317.25
2010-12-01,317.0,322.5,315.0,320.95
2010-12-02,322.2,325.95,321.15,324.85
2010-12-03,318.1,325.7,318.1,321.95
2010-12-06,321.0,324.9,318.5,320.4
2010-12-07,320.5,322.75,317.25,320.0
2010-12-08,318.6,322.7,317.25,318.85
2010-12-09,318.0,320.0,309.0,313.2
2010-12-10,312.0,322.0,312.0,317.3
2010-12-13,318.0,324.35,317.0,323.15
2010-12-14,324.45,331.0,322.75,325.3
2010-12-15,325.6,330.0,323.0,327.85
2010-12-16,326.75,327.0,317.4,320.7
2010-12-20,323.0,323.0,315.05,316.0
2010-12-21,318.8,318.8,311.2,313.3
2010-12-22,315.1,319.7,312.7,314.05
2010-12-23,315.05,315.95,312.0,312.95
2010-12-24,313.0,313.9,310.1,312.15
2010-12-27,312.15,314.3,306.5,307.3
2010-12-28,308.0,309.95,301.0,303.75
2010-12-29,306.1,311.4,304.3,310.25
2010-12-30,311.0,311.6,307.0,308.05
2010-12-31,309.5,316.45,308.3,314.75
2011-01-03,315.5,318.0,314.55,317.3
2011-01-04,318.9,320.0,316.05,319.2
2011-01-05,320.0,320.0,308.25,309.8
2011-01-06,311.0,313.0,308.5,309.1
2011-01-07,310.0,313.5,302.15,309.1
2011-01-10,309.9,310.0,302.1,305.15
2011-01-11,306.0,312.95,306.0,309.05
2011-01-12,309.9,312.9,306.25,308.5
2011-01-13,309.4,313.95,307.5,310.45
2011-01-14,310.45,315.5,307.95,310.5
2011-01-17,307.25,314.0,306.2,313.15
2011-01-18,313.5,313.95,308.0,311.15
2011-01-19,311.0,312.7,307.95,309.4
2011-01-20,308.8,319.2,308.1,315.7
2011-01-21,316.45,316.45,312.0,314.15
2011-01-24,314.9,314.9,309.0,310.45
2011-01-25,311.0,315.7,308.55,310.0
2011-01-27,311.0,312.9,307.2,308.3
2011-01-28,307.05,309.7,303.05,305.05
2011-01-31,302.0,307.5,300.55,304.35
2011-02-01,305.5,309.85,303.5,308.3
2011-02-02,310.1,314.9,308.55,312.5
2011-02-03,311.0,320.0,310.9,317.35
2011-02-04,317.35,318.1,307.0,308.15
2011-02-07,309.4,310.45,304.15,304.65
2011-02-08,306.9,307.45,296.2,301.4
2011-02-09,302.0,307.85,297.0,298.7
2011-02-10,300.1,304.0,293.25,297.65
2011-02-11,298.1,305.0,298.0,304.6
2011-02-14,306.0,307.0,300.1,302.8
2011-02-15,304.5,307.85,302.0,302.45
2011-02-16,304.25,304.45,300.45,301.1
2011-02-17,302.95,306.4,302.0,305.05
2011-02-18,303.9,305.2,300.1,302.35
2011-02-21,301.5,303.9,300.0,301.85
2011-02-22,302.5,303.5,300.3,301.35
2011-02-23,302.4,302.4,299.0,300.65
2011-02-24,301.4,303.0,298.25,299.3
2011-02-25,300.1,303.0,289.0,292.65
2011-02-28,299.0,331.75,296.1,327.7
2011-03-01,325.0,339.9,320.65,338.6
2011-03-03,338.0,338.0,327.2,329.05
2011-03-04,332.7,334.95,323.25,324.25
2011-03-07,322.0,343.55,318.4,341.0
2011-03-08,343.0,344.5,335.35,337.25
2011-03-09,339.8,341.2,336.05,339.55
2011-03-10,339.8,339.8,329.75,334.3
2011-03-11,334.95,335.0,328.1,329.95
2011-03-14,330.9,335.75,327.05,333.8
2011-03-15,329.0,342.9,320.15,338.45
2011-03-16,339.1,347.9,333.5,343.9
2011-03-17,342.0,347.5,338.5,342.95
2011-03-18,343.5,347.0,337.6,344.4
2011-03-21,343.35,349.9,343.3,347.15
2011-03-22,347.5,371.4,347.4,360.0
2011-03-23,361.0,363.8,352.05,353.9
2011-03-24,353.9,361.35,353.9,358.3
2011-03-25,360.0,362.0,356.55,358.1
2011-03-28,359.85,360.0,349.35,350.95
2011-03-29,352.0,352.0,340.65,346.25
2011-03-30,347.0,350.5,340.1,341.4
2011-03-31,342.4,348.9,341.4,346.5
2011-04-01,347.0,348.5,342.6,346.9
2011-04-04,347.35,360.95,345.35,355.95
2011-04-05,351.1,361.0,351.1,358.75
2011-04-06,358.75,367.8,354.8,366.45
2011-04-07,367.3,370.8,358.3,359.65
2011-04-08,363.0,363.7,351.5,355.25
2011-04-11,356.4,363.0,352.6,357.6
2011-04-13,358.0,359.4,350.0,353.9
2011-04-15,355.0,358.75,350.5,357.45
2011-04-18,359.05,359.25,350.45,352.7
2011-04-19,352.0,354.8,345.9,349.6
2011-04-20,351.5,368.9,351.0,366.55
2011-04-21,369.7,369.75,358.05,362.3
2011-04-25,363.0,365.3,359.5,364.15
2011-04-26,361.55,365.0,358.1,364.45
2011-04-27,360.0,377.0,359.45,370.85
2011-04-28,372.0,381.8,370.75,376.7
2011-04-29,376.7,383.3,374.5,380.55
2011-05-02,362.0,382.95,362.0,379.7
2011-05-03,378.0,384.5,368.55,371.5
2011-05-04,371.0,374.8,361.3,371.7
2011-05-05,370.95,374.95,365.25,368.3
2011-05-06,369.45,372.9,365.55,369.75
2011-05-09,370.0,393.9,368.65,392.3
2011-05-10,392.0,396.35,385.0,386.15
2011-05-11,387.3,393.45,381.5,384.15
2011-05-12,385.9,393.2,380.35,381.85
2011-05-13,383.0,391.55,382.05,386.85
2011-05-16,388.0,393.25,386.0,388.9
2011-05-17,390.0,401.4,389.5,397.6
2011-05-18,399.6,399.6,370.4,373.7
2011-05-19,375.05,384.75,365.5,376.1
2011-05-20,372.0,373.6,362.65,364.95
2011-05-23,364.0,373.45,362.45,365.4
2011-05-24,367.0,375.4,359.25,370.7
2011-05-25,373.6,384.9,371.0,377.35
2011-05-26,380.0,390.8,379.75,388.95
2011-05-27,389.5,394.5,386.0,387.9
2011-05-30,390.0,397.0,390.0,394.95
2011-05-31,394.0,422.35,394.0,408.45
2011-06-01,415.0,416.6,405.1,414.45
2011-06-02,413.0,413.5,400.6,402.75
2011-06-03,402.6,408.25,390.1,391.65
2011-06-06,392.0,399.8,390.35,393.9
2011-06-07,395.0,404.3,393.3,403.15
2011-06-08,404.05,413.8,402.7,407.65
2011-06-09,408.0,411.4,405.55,407.35
2011-06-10,408.8,411.95,400.75,405.35
2011-06-13,405.0,405.05,395.0,396.3
2011-06-14,398.2,402.5,392.2,394.7
2011-06-15,394.8,397.35,388.6,390.15
2011-06-16,390.0,396.7,387.95,394.25
2011-06-17,394.5,402.6,393.0,395.6
2011-06-20,400.15,406.35,392.8,395.6
2011-06-21,396.95,399.8,388.25,389.75
2011-06-22,392.05,393.0,376.1,378.65
2011-06-23,378.65,382.8,375.0,376.1
2011-06-24,378.6,391.5,378.6,390.0
2011-06-27,408.6,408.6,385.7,397.8
2011-06-28,398.0,401.7,391.65,392.4
2011-06-29,396.1,396.5,387.5,388.55
2011-06-30,390.0,393.8,389.25,392.85
2011-07-01,392.85,395.0,383.0,384.25
2011-07-04,386.95,396.2,386.95,395.1
2011-07-05,395.0,396.75,391.3,395.35
2011-07-06,397.95,400.75,391.25,392.15
2011-07-07,395.0,395.9,392.55,394.25
2011-07-08,370.0,378.7,361.0,362.65
2011-07-11,299.0,367.0,299.0,356.75
2011-07-12,355.5,368.65,353.0,365.3
2011-07-13,367.0,370.5,365.6,368.15
2011-07-14,366.35,375.5,366.35,371.45
2011-07-15,371.45,373.75,364.8,365.85
2011-07-18,368.4,372.9,365.0,368.9
2011-07-19,369.7,371.85,364.1,369.85
2011-07-20,373.0,373.6,366.55,367.1
2011-07-21,366.95,374.0,366.55,367.9
2011-07-22,370.05,372.0,367.2,368.95
2011-07-25,370.7,371.3,367.25,369.1
2011-07-26,370.55,376.45,370.0,373.95
2011-07-27,374.85,400.45,374.8,398.95
2011-07-28,403.65,408.7,391.7,393.7
2011-07-29,390.0,395.0,385.1,388.25
2011-08-01,391.5,394.8,387.0,391.75
2011-08-02,391.0,398.4,390.0,397.3
2011-08-03,391.0,396.3,391.0,392.0
2011-08-04,397.7,406.5,393.05,394.15
2011-08-05,389.4,396.2,375.2,392.9
2011-08-08,381.1,399.65,378.2,392.25
2011-08-09,383.0,388.0,376.25,379.0
2011-08-10,388.95,389.2,380.15,381.3
2011-08-11,380.1,388.6,380.1,386.25
2011-08-12,390.0,393.8,381.1,385.25
2011-08-16,390.1,395.4,386.2,387.05
2011-08-17,389.4,399.0,388.0,397.9
2011-08-18,401.5,404.1,388.25,390.2
2011-08-19,385.0,398.45,384.3,393.45
2011-08-22,395.0,397.95,391.0,394.4
2011-08-23,394.45,394.7,381.7,392.4
2011-08-24,387.35,388.35,370.5,373.9
2011-08-25,374.1,377.35,361.65,374.75
2011-08-26,377.0,381.9,357.0,359.4
2011-08-29,363.45,372.6,363.45,369.35
2011-08-30,374.4,378.9,370.1,375.6
2011-09-02,383.0,390.7,375.2,388.15
2011-09-05,383.25,386.95,379.55,381.05
2011-09-06,379.8,383.95,375.25,378.75
2011-09-07,380.5,393.0,379.5,391.25
2011-09-08,391.3,391.5,384.6,386.2
2011-09-09,388.95,393.45,379.65,381.05
2011-09-12,379.4,381.5,370.35,377.5
2011-09-13,379.5,383.6,373.0,376.0
2011-09-14,377.95,382.7,375.7,377.8
2011-09-15,381.55,382.4,376.4,378.5
2011-09-16,381.5,383.0,375.55,379.15
2011-09-19,377.1,379.0,375.35,376.5
2011-09-20,377.4,380.7,373.1,378.4
2011-09-21,382.5,387.45,380.2,384.45
2011-09-22,379.95,381.2,374.05,375.35
2011-09-23,372.2,373.4,364.65,365.6
2011-09-26,365.0,365.0,342.1,346.5
2011-09-27,353.9,359.25,351.1,358.15
2011-09-28,361.8,362.6,351.0,355.65
2011-09-29,354.5,354.5,344.55,350.65
2011-09-30,351.75,354.65,325.15,333.2
2011-10-03,330.0,339.7,323.35,336.8
2011-10-04,334.0,338.9,317.35,319.9
2011-10-05,321.9,327.8,314.55,324.7
2011-10-07,334.0,339.9,331.3,337.55
2011-10-10,341.0,345.0,330.85,343.65
2011-10-11,345.1,347.65,342.3,345.75
2011-10-12,346.0,349.15,332.3,337.95
2011-10-13,339.9,340.65,328.25,332.05
2011-10-14,330.2,331.0,319.05,322.55
2011-10-17,323.95,324.6,318.15,321.15
2011-10-18,321.7,331.35,321.15,330.05
2011-10-19,332.9,338.5,332.0,334.85
2011-10-20,333.75,333.75,326.5,329.7
2011-10-21,330.9,333.4,327.5,328.55
2011-10-24,333.0,333.05,323.2,324.55
2011-10-25,324.2,325.8,320.55,323.9
2011-10-26,327.0,331.3,327.0,328.9
2011-10-28,342.0,342.8,334.85,338.2
2011-10-31,339.75,339.75,331.3,332.0
2011-11-01,330.7,332.45,328.85,329.5
2011-11-02,325.3,329.0,325.0,325.9
2011-11-03,326.7,329.0,324.05,325.65
2011-11-04,329.0,330.0,325.45,326.3
2011-11-08,328.45,330.2,326.55,327.3
2011-11-09,329.0,330.3,324.55,326.1
2011-11-11,325.0,328.45,323.8,326.1
2011-11-14,326.1,326.9,319.4,323.1
2011-11-15,322.0,325.4,314.9,317.15
2011-11-16,316.9,317.25,306.05,311.65
2011-11-17,311.0,311.25,300.25,304.95
2011-11-18,303.9,303.9,294.6,297.65
2011-11-21,297.0,301.9,294.75,297.55
2011-11-22,299.85,304.95,298.0,302.55
2011-11-23,301.0,303.4,297.0,300.6
2011-11-24,302.1,305.95,298.1,304.15
2011-11-25,303.1,314.3,300.9,308.55
2011-11-28,312.3,324.4,311.0,322.5
2011-11-29,323.4,324.95,319.1,321.05
2011-11-30,320.95,329.7,318.2,327.15
2011-12-01,335.2,336.0,328.4,330.5
2011-12-02,330.0,335.0,326.35,334.65
2011-12-05,335.75,338.35,331.4,332.9
2011-12-07,332.9,333.0,320.3,323.65
2011-12-08,319.9,320.7,310.85,313.5
2011-12-09,309.05,318.5,305.75,316.05
2011-12-12,319.0,319.75,302.9,304.0
2011-12-13,303.5,309.8,300.3,308.0
2011-12-14,305.55,308.5,298.1,300.25
2011-12-15,298.9,312.9,293.65,311.65
2011-12-16,314.05,315.0,298.15,300.75
2011-12-19,300.0,308.4,297.9,307.15
2011-12-20,306.9,310.1,300.1,302.0
2011-12-21,307.25,307.9,298.6,302.75
2011-12-22,302.75,303.0,293.6,299.95
2011-12-23,302.9,302.9,298.6,299.95
2011-12-26,302.0,306.9,301.5,306.05
2011-12-27,305.5,307.6,295.15,298.25
2011-12-28,296.5,301.8,295.75,299.55
2011-12-29,298.0,302.0,297.1,298.75
2011-12-30,301.0,302.3,296.95,300.65
2012-01-02,303.0,313.2,303.0,312.15
2012-01-03,315.7,329.75,315.7,327.2
2012-01-04,327.9,330.8,321.75,326.7
2012-01-05,324.0,327.95,313.5,320.55
2012-01-06,315.9,322.8,315.9,318.05
2012-01-07,319.8,320.8,318.3,319.55
2012-01-09,320.0,322.0,312.3,313.9
2012-01-10,316.95,321.3,315.35,318.05
2012-01-11,318.7,323.35,316.35,320.4
2012-01-12,321.7,327.8,318.0,325.65
2012-01-13,327.0,345.9,327.0,343.8
2012-01-16,343.45,346.8,339.0,340.8
2012-01-17,343.0,355.0,343.0,351.75
2012-01-18,353.1,358.3,336.5,339.8
2012-01-19,341.0,351.2,338.0,349.9
2012-01-20,351.95,351.95,336.1,344.8
2012-01-23,341.2,342.4,332.2,335.0
2012-01-24,332.5,337.8,328.35,329.95
2012-01-25,332.0,345.8,331.05,342.9
2012-01-27,345.3,348.0,339.1,341.95
2012-01-30,338.6,341.0,332.9,335.65
2012-01-31,335.0,337.5,323.5,327.2
2012-02-01,327.0,327.0,315.7,317.0
2012-02-02,320.95,324.75,319.5,322.0
2012-02-03,325.0,329.5,323.45,327.35
2012-02-06,331.0,333.25,326.15,328.25
2012-02-07,334.95,334.95,324.5,325.85
2012-02-08,326.25,335.65,326.25,333.3
2012-02-09,333.0,336.35,331.35,333.3
2012-02-10,333.3,334.75,327.5,331.85
2012-02-13,335.0,340.35,333.4,336.6
2012-02-14,337.8,339.85,332.3,334.35
2012-02-15,339.0,343.95,337.05,339.85
2012-02-16,339.05,339.75,319.05,320.05
2012-02-17,325.0,332.5,322.9,323.8
2012-02-21,325.0,328.9,320.1,326.0
2012-02-22,327.0,330.6,320.0,322.15
2012-02-23,321.0,325.75,318.0,322.75
2012-02-24,322.0,330.55,320.7,327.65
2012-02-27,329.0,330.9,317.1,323.1
2012-02-28,323.95,331.45,323.5,330.45
2012-02-29,331.15,335.8,331.15,334.5
2012-03-01,333.9,338.5,331.0,334.5
2012-03-02,334.5,335.6,329.35,332.15
2012-03-03,331.0,333.3,331.0,331.75
2012-03-05,329.9,330.9,325.35,327.85
2012-03-06,327.0,335.9,325.0,330.15
2012-03-07,329.75,330.6,323.6,326.9
2012-03-09,329.0,337.75,329.0,336.05
2012-03-12,339.0,341.5,335.65,337.45
2012-03-13,341.2,345.7,339.05,343.35
2012-03-14,345.55,349.7,344.0,348.05
2012-03-15,340.8,341.6,336.05,340.5
2012-03-16,340.5,348.85,339.0,341.65
2012-03-19,336.3,341.15,333.0,334.8
2012-03-20,332.6,335.25,325.5,326.55
2012-03-21,327.25,333.0,327.25,331.15
2012-03-22,330.7,344.55,329.6,338.65
2012-03-23,339.9,342.9,330.3,334.85
2012-03-26,334.0,336.65,328.6,331.95
2012-03-27,333.0,334.8,325.4,330.9
2012-03-28,332.05,333.1,328.1,331.6
2012-03-29,330.0,340.4,330.0,332.8
2012-03-30,333.2,349.0,332.6,343.9
2012-04-02,340.0,343.3,335.1,341.2
2012-04-03,342.9,347.3,340.55,343.3
2012-04-04,337.0,344.7,334.6,341.6
2012-04-09,336.4,342.3,336.0,336.45
2012-04-10,337.1,337.8,331.0,333.3
2012-04-11,330.0,336.6,328.5,331.05
2012-04-12,333.0,335.75,331.75,333.15
2012-04-13,338.4,344.6,335.3,338.9
2012-04-16,334.05,339.9,334.05,339.15
2012-04-17,343.0,352.45,343.0,350.05
2012-04-18,353.5,353.9,346.4,348.05
2012-04-19,349.5,362.8,347.3,361.6
2012-04-20,361.0,364.6,356.0,362.45
2012-04-23,359.1,367.45,352.3,355.4
2012-04-24,357.7,363.7,352.85,356.1
2012-04-25,357.0,358.25,348.5,349.5
2012-04-26,352.9,362.65,343.9,359.4
2012-04-27,356.5,357.95,348.0,351.25
2012-04-28,350.0,352.8,348.1,350.85
2012-04-30,351.5,354.9,349.1,352.35
2012-05-02,353.55,355.45,343.25,345.8
2012-05-03,343.3,344.65,332.8,336.95
2012-05-04,337.0,339.0,328.6,329.8
2012-05-07,327.0,332.4,325.1,328.5
2012-05-08,327.1,338.7,327.0,334.7
2012-05-09,332.85,332.85,325.3,326.5
2012-05-10,327.95,330.65,320.0,321.3
2012-05-11,320.45,321.2,312.65,314.5
2012-05-14,315.0,320.25,314.0,316.1
2012-05-15,313.1,315.85,310.5,314.2
2012-05-16,311.5,315.5,307.4,308.4
2012-05-17,308.3,312.5,305.5,306.45
2012-05-18,304.0,305.8,301.1,303.1
2012-05-21,302.5,311.3,302.05,310.0
2012-05-22,313.5,314.9,305.1,305.95
2012-05-23,304.8,309.85,302.6,308.35
2012-05-24,308.0,312.1,305.1,309.75
2012-05-25,308.5,314.3,307.3,313.55
2012-05-28,314.0,316.5,313.25,315.0
2012-05-29,319.0,324.0,317.1,321.85
2012-05-30,319.85,322.4,318.1,319.65
2012-05-31,316.0,325.75,316.0,321.6
2012-06-01,321.6,324.25,318.4,321.75
2012-06-04,321.75,322.55,315.1,320.1
2012-06-05,320.3,324.75,314.8,316.1
2012-06-06,317.0,323.5,317.0,322.0
2012-06-07,323.35,326.65,323.35,325.25
2012-06-08,323.8,329.5,321.8,327.7
2012-06-11,329.0,337.3,328.1,332.7
2012-06-12,330.7,337.2,330.2,336.1
2012-06-13,336.5,340.9,332.5,333.3
2012-06-14,333.55,336.7,329.45,330.95
2012-06-15,333.0,340.9,333.0,339.7
2012-06-18,341.3,344.0,336.85,339.55
2012-06-19,338.8,345.15,334.6,344.0
2012-06-20,345.2,346.25,336.1,337.9
2012-06-21,336.2,343.75,334.75,341.9
2012-06-22,340.0,343.35,336.5,337.7
2012-06-25,341.35,345.0,335.2,336.65
2012-06-26,337.0,340.0,335.05,338.8
2012-06-27,340.0,344.45,338.85,342.8
2012-06-28,342.05,348.95,341.9,347.85
2012-06-29,350.0,354.0,343.05,346.8
2012-07-02,348.0,351.85,344.75,350.4
2012-07-03,349.35,357.9,346.8,356.9
2012-07-04,357.0,358.65,352.3,353.75
2012-07-05,354.6,356.15,347.6,348.5
2012-07-06,348.4,354.1,347.3,351.4
2012-07-09,349.0,352.9,346.5,350.55
2012-07-10,351.0,360.0,350.55,353.9
2012-07-11,351.2,354.7,350.25,353.5
2012-07-12,351.7,355.75,351.25,354.35
2012-07-13,355.0,357.0,353.0,354.1
2012-07-16,353.0,356.85,349.7,350.55
2012-07-17,354.0,355.4,351.95,354.3
2012-07-18,355.5,361.9,355.5,360.3
2012-07-19,362.7,363.6,358.25,359.8
2012-07-20,359.2,363.2,359.0,361.0
2012-07-23,359.0,359.7,354.8,355.8
2012-07-24,355.0,357.65,352.75,356.1
2012-07-25,353.0,355.0,346.0,351.0
2012-07-26,351.0,351.8,346.2,348.75
2012-07-27,351.5,354.5,350.05,353.9
2012-07-30,354.5,359.1,352.1,355.8
2012-07-31,356.0,361.4,355.1,359.35
2012-08-01,357.0,358.7,345.2,349.25
2012-08-02,350.6,351.0,343.25,346.75
2012-08-03,344.4,345.0,335.05,344.0
2012-08-06,344.7,347.4,341.15,343.45
2012-08-07,342.35,346.0,340.05,344.5
2012-08-08,345.0,351.5,343.85,345.2
2012-08-09,346.9,354.75,346.05,352.6
2012-08-10,352.7,353.8,347.15,348.6
2012-08-13,350.0,350.5,345.7,347.65
2012-08-14,350.0,356.0,350.0,353.75
2012-08-16,353.0,354.65,348.7,353.6
2012-08-17,355.0,356.45,348.85,349.9
2012-08-21,349.95,353.55,345.7,352.45
2012-08-22,349.25,357.4,349.25,355.75
2012-08-23,355.15,360.35,353.55,359.1
2012-08-24,358.25,371.75,358.25,367.05
2012-08-27,366.9,369.85,362.2,364.75
2012-08-28,362.25,365.5,357.6,359.45
2012-08-29,359.25,361.95,356.7,359.8
2012-08-30,358.75,366.0,357.05,360.7
2012-08-31,359.5,359.5,349.4,351.45
2012-09-03,352.4,362.95,349.35,360.9
2012-09-04,361.25,363.25,355.6,360.65
2012-09-05,357.25,361.6,355.25,359.2
2012-09-06,360.0,361.35,355.65,358.25
2012-09-07,361.0,362.8,357.9,361.2
2012-09-08,361.0,361.6,360.0,360.55
2012-09-10,361.0,369.75,360.15,366.7
2012-09-11,363.0,367.6,363.0,366.7
2012-09-12,366.3,377.5,366.3,376.65
2012-09-13,378.65,381.45,375.1,380.0
2012-09-14,383.5,385.25,381.15,383.2
2012-09-17,383.0,386.25,372.6,374.3
2012-09-18,375.0,378.85,370.0,375.55
2012-09-20,370.0,374.1,362.1,364.5
2012-09-21,365.1,376.0,361.8,372.6
2012-09-24,371.1,372.25,367.0,369.75
2012-09-25,367.25,372.95,365.0,368.65
2012-09-26,366.5,368.95,357.0,358.15
2012-09-27,358.0,362.55,351.5,357.6
2012-09-28,360.0,370.0,355.35,358.95
2012-10-01,360.0,361.3,356.1,357.6
2012-10-03,357.6,367.0,356.95,365.2
2012-10-04,366.55,367.75,360.3,361.7
2012-10-05,362.1,370.2,289.4,363.45
2012-10-08,364.05,365.0,356.45,357.4
2012-10-09,360.0,361.5,355.4,356.55
2012-10-10,355.0,357.0,353.0,353.25
2012-10-11,355.0,359.9,353.15,358.75
2012-10-12,357.0,362.0,355.0,359.3
2012-10-15,358.8,358.8,353.75,356.45
2012-10-16,355.15,359.55,353.0,354.2
2012-10-17,355.5,357.3,352.55,353.6
2012-10-18,353.65,361.65,351.55,359.3
2012-10-19,357.2,359.6,353.0,353.95
2012-10-22,350.2,358.7,350.2,357.85
2012-10-23,356.6,361.8,354.3,358.55
2012-10-25,358.0,360.7,355.15,356.35
2012-10-26,354.1,356.55,352.5,355.05
2012-10-29,354.1,357.05,349.1,350.1
2012-10-30,350.1,350.8,345.55,346.55
2012-10-31,346.9,349.35,342.8,346.3
2012-11-01,345.5,349.6,344.6,347.85
2012-11-02,347.05,352.35,347.05,350.6
2012-11-05,349.35,355.0,349.3,352.95
2012-11-06,352.0,355.8,348.0,351.9
2012-11-07,350.55,352.0,347.6,348.35
2012-11-08,346.5,350.7,345.35,349.15
2012-11-09,350.0,351.8,345.35,346.6
2012-11-12,346.25,348.8,342.25,344.65
2012-11-13,346.75,347.75,345.0,345.75
2012-11-15,345.0,350.4,344.25,348.4
2012-11-16,349.5,354.2,345.9,351.15
2012-11-19,351.0,352.6,349.2,351.2
2012-11-20,352.0,355.35,349.8,354.05
2012-11-21,354.4,355.5,351.0,354.8
2012-11-22,356.0,356.9,351.0,355.8
2012-11-23,355.7,359.0,354.45,358.05
2012-11-26,357.0,361.9,356.65,360.45
2012-11-27,362.0,367.0,360.5,363.3
2012-11-29,364.9,373.5,363.35,369.9
2012-11-30,373.0,373.45,359.15,366.55
2012-12-03,366.3,374.85,362.9,366.15
2012-12-04,367.0,369.35,361.6,364.45
2012-12-05,365.5,367.75,361.15,361.7
2012-12-06,362.5,368.4,358.2,362.4
2012-12-07,364.9,372.0,360.8,362.95
2012-12-10,363.9,367.8,362.0,362.75
2012-12-11,363.5,365.9,355.1,357.2
2012-12-12,358.9,360.3,355.2,356.4
2012-12-13,356.5,357.6,351.3,353.65
2012-12-14,353.0,356.4,351.25,354.1
2012-12-17,353.1,355.0,349.75,351.8
2012-12-18,353.0,355.45,348.7,352.15
2012-12-19,352.55,359.05,352.55,357.15
2012-12-20,357.45,360.45,353.2,356.5
2012-12-21,354.5,354.5,350.0,352.6
2012-12-24,352.65,355.4,351.15,354.35
2012-12-26,354.35,355.85,352.25,355.1
2012-12-27,355.1,355.65,351.1,353.05
2012-12-28,354.8,355.5,350.55,353.4
2012-12-31,353.1,355.5,352.0,354.8
2013-01-01,356.05,360.65,355.8,359.95
2013-01-02,361.1,362.95,357.6,358.7
2013-01-03,359.1,362.5,358.1,360.45
2013-01-04,361.75,364.7,357.8,363.8
2013-01-07,364.2,365.0,358.55,360.2
2013-01-08,360.7,362.0,357.0,360.25
2013-01-09,360.5,370.95,359.6,363.7
2013-01-10,366.2,372.4,363.8,365.65
2013-01-11,366.0,369.75,359.0,360.65
2013-01-14,361.0,362.2,357.3,359.15
2013-01-15,359.9,360.55,353.7,355.05
2013-01-16,354.0,358.8,351.45,352.6
2013-01-17,353.5,355.65,350.3,352.55
2013-01-18,353.15,358.75,353.15,354.8
2013-01-21,353.5,355.35,350.15,351.6
2013-01-22,349.5,354.3,348.5,350.45
2013-01-23,353.8,353.8,349.9,350.5
2013-01-24,349.0,355.7,342.5,343.65
2013-01-25,345.0,345.0,338.15,341.05
2013-01-28,341.6,342.9,337.0,342.25
2013-01-29,340.5,348.25,340.25,347.65
2013-01-30,347.5,352.8,346.85,350.25
2013-01-31,350.0,354.9,347.3,353.35
2013-02-01,352.25,359.1,349.3,356.7
2013-02-04,357.1,357.35,348.5,350.55
2013-02-05,347.2,353.0,345.25,349.4
2013-02-06,352.7,355.0,340.6,342.35
2013-02-07,342.4,345.9,339.2,343.8
2013-02-08,342.1,345.0,333.0,338.75
2013-02-11,341.0,341.7,335.65,338.45
2013-02-12,340.35,347.2,337.5,345.1
2013-02-13,345.1,348.7,341.0,347.65
2013-02-14,353.2,353.55,346.35,350.9
2013-02-15,351.0,351.9,345.2,349.85
2013-02-18,348.1,350.1,341.5,343.1
2013-02-19,342.1,343.1,336.45,338.8
2013-02-20,341.0,343.5,339.5,342.6
2013-02-21,340.95,342.1,337.05,340.3
2013-02-22,339.3,340.0,330.1,331.7
2013-02-25,333.0,333.95,324.6,325.8
2013-02-26,325.25,325.75,313.25,314.6
2013-02-27,318.65,318.65,310.75,311.5
2013-02-28,313.0,323.0,305.1,309.8
2013-03-01,310.4,319.3,310.4,314.0
2013-03-04,314.0,317.35,307.65,316.1
2013-03-05,315.2,318.9,313.2,318.15
2013-03-06,319.0,322.8,316.05,317.0
2013-03-07,316.2,317.5,312.0,313.0
2013-03-08,313.5,322.0,312.8,321.35
2013-03-11,320.55,327.5,319.65,320.4
2013-03-12,321.45,323.65,315.5,319.15
2013-03-13,317.05,323.5,315.75,319.05
2013-03-14,318.05,320.85,316.7,319.2
2013-03-15,322.1,322.9,316.1,320.0
2013-03-18,309.0,309.25,299.95,302.3
2013-03-19,301.25,301.7,291.0,297.85
2013-03-20,297.2,299.7,295.15,297.9
2013-03-21,297.25,300.4,295.95,298.15
2013-03-22,298.1,303.75,293.85,296.7
2013-03-25,298.35,300.5,294.0,297.4
2013-03-26,295.5,305.0,295.5,301.35
2013-03-28,300.5,310.0,300.3,309.1
2013-04-01,309.1,314.55,304.7,305.1
2013-04-02,305.5,309.9,304.8,308.9
2013-04-03,307.2,309.15,299.4,301.7
2013-04-04,301.1,314.0,300.0,310.75
2013-04-05,312.1,314.5,306.5,309.25
2013-04-08,308.95,311.65,307.05,308.9
2013-04-09,310.1,313.5,304.2,306.5
2013-04-10,307.1,310.8,303.5,308.65
2013-04-11,309.9,312.5,304.6,305.65
2013-04-12,304.25,307.75,299.0,299.9
2013-04-15,299.1,299.6,292.9,293.95
2013-04-16,292.0,296.45,292.0,294.8
2013-04-17,296.0,301.65,295.5,296.85
2013-04-18,297.0,300.2,295.0,299.6
2013-04-22,300.15,313.9,300.15,312.5
2013-04-23,315.0,317.1,308.3,311.8
2013-04-25,312.95,318.5,312.55,317.1
2013-04-26,315.1,324.3,315.1,319.0
2013-04-29,320.1,322.1,312.25,313.45
2013-04-30,314.55,320.5,312.0,319.2
2013-05-02,321.0,322.7,315.1,317.3
2013-05-03,319.8,319.95,314.3,318.75
2013-05-06,316.55,320.0,315.3,316.45
2013-05-07,315.9,315.9,308.75,309.95
2013-05-08,313.3,314.0,310.65,312.25
2013-05-09,312.25,313.0,307.8,308.85
2013-05-10,310.0,310.3,297.6,299.7
2013-05-11,298.5,303.95,298.5,303.65
2013-05-13,303.9,304.25,295.25,296.8
2013-05-14,298.45,300.95,294.05,294.8
2013-05-15,295.5,301.5,295.5,300.15
2013-05-16,299.0,302.5,297.4,298.6
2013-05-17,298.8,300.0,296.1,297.5
2013-05-20,301.0,305.4,300.05,301.3
2013-05-21,304.8,308.95,304.0,307.5
2013-05-22,309.1,314.55,309.1,309.95
2013-05-23,309.0,310.5,306.05,308.1
2013-05-24,311.95,314.25,308.5,310.15
2013-05-27,313.25,314.75,312.55,313.8
2013-05-28,328.0,328.0,320.0,323.4
2013-05-29,325.9,328.8,324.0,327.4
2013-05-30,326.0,329.5,324.25,327.7
2013-05-31,325.1,328.0,323.0,324.7
2013-06-03,325.25,330.7,323.5,326.15
2013-06-04,326.0,327.95,320.0,325.0
2013-06-05,323.15,325.05,319.1,323.55
2013-06-06,320.0,325.4,318.05,323.3
2013-06-07,320.0,323.5,318.0,319.7
2013-06-10,320.05,323.6,319.05,319.95
2013-06-11,319.0,319.25,307.5,311.9
2013-06-12,306.0,309.5,299.55,303.05
2013-06-13,300.0,302.7,295.6,298.9
2013-06-14,302.1,303.0,296.9,300.95
2013-06-17,303.0,303.5,296.45,301.9
2013-06-18,300.75,304.65,300.75,303.05
2013-06-19,302.1,303.7,297.0,299.55
2013-06-20,296.95,297.35,293.3,295.9
2013-06-21,296.0,300.6,293.4,298.6
2013-06-24,297.0,300.75,293.0,297.0
2013-06-25,297.1,301.5,291.0,294.2
2013-06-26,295.0,296.55,286.6,288.45
2013-06-27,290.0,291.5,285.2,287.3
2013-06-28,289.1,309.9,289.05,302.55
2013-07-01,303.9,308.0,303.15,305.0
2013-07-02,303.5,303.75,296.05,299.45
2013-07-03,297.8,299.8,292.0,297.4
2013-07-04,300.0,302.0,295.5,299.5
2013-07-05,300.35,301.45,295.25,296.85
2013-07-08,295.0,295.95,284.3,290.0
2013-07-09,290.0,293.0,284.6,291.4
2013-07-10,291.5,292.25,288.1,289.9
2013-07-11,293.0,302.85,293.0,298.45
2013-07-12,300.1,300.9,293.55,299.95
2013-07-15,296.75,297.5,291.7,292.3
2013-07-16,289.0,295.0,287.7,294.45
2013-07-17,293.95,295.6,287.5,291.2
2013-07-18,290.5,294.15,286.8,291.1
2013-07-19,291.1,297.9,291.1,297.0
2013-07-22,295.6,301.6,294.7,300.2
2013-07-23,302.0,303.45,296.3,298.55
2013-07-24,297.9,302.0,295.0,298.35
2013-07-25,297.0,299.6,292.0,294.35
2013-07-26,295.9,295.9,276.35,282.25
2013-07-29,281.4,282.0,271.75,273.35
2013-07-30,272.5,277.15,270.0,274.8
2013-07-31,275.5,284.8,274.0,281.55
2013-08-01,280.0,286.0,268.0,270.1
2013-08-02,271.0,271.25,250.55,254.6
2013-08-05,249.5,270.45,248.25,263.1
2013-08-06,260.2,263.0,252.5,256.8
2013-08-07,255.1,267.8,252.3,262.5
2013-08-08,262.0,270.9,258.0,269.15
2013-08-12,273.65,278.2,268.75,274.35
2013-08-13,272.25,273.6,266.15,268.7
2013-08-14,269.0,272.0,268.15,270.75
2013-08-16,268.5,271.2,257.55,258.3
2013-08-19,256.0,258.95,250.3,257.05
2013-08-20,255.9,264.9,251.5,262.65
2013-08-21,263.9,265.1,256.05,260.45
2013-08-22,256.05,270.55,252.3,267.85
2013-08-23,267.85,272.85,265.0,269.75
2013-08-26,270.0,279.05,267.25,271.25
2013-08-27,268.5,269.65,255.1,260.3
2013-08-28,256.9,257.9,244.4,253.9
2013-08-29,255.1,258.85,248.05,250.3
2013-08-30,250.8,255.5,238.2,251.4
2013-09-02,253.8,259.4,252.7,258.05
2013-09-03,260.15,266.7,259.0,261.1
2013-09-04,261.7,269.3,258.75,264.95
2013-09-05,270.25,299.3,268.25,283.4
2013-09-06,281.0,281.8,270.9,277.35
2013-09-10,281.6,289.7,280.55,288.2
2013-09-11,284.95,294.55,283.9,293.05
2013-09-12,292.0,299.6,283.4,284.95
2013-09-13,285.0,294.75,283.6,293.0
2013-09-16,293.5,298.0,284.25,289.55
2013-09-17,288.25,295.0,288.25,293.7
2013-09-18,291.25,299.7,291.25,297.4
2013-09-19,301.5,305.0,295.35,297.45
2013-09-20,296.25,304.0,291.7,301.7
2013-09-23,298.0,308.4,298.0,304.75
2013-09-24,300.0,305.9,296.3,297.0
2013-09-25,295.0,302.0,294.0,295.05
2013-09-26,295.05,304.95,294.4,303.85
2013-09-27,301.5,309.0,301.1,306.9
2013-09-30,303.8,307.35,293.0,294.45
2013-10-01,295.0,298.95,293.2,297.5
2013-10-03,297.0,314.8,297.0,302.35
2013-10-04,302.35,311.5,301.35,310.05
2013-10-07,305.15,306.6,298.1,299.75
2013-10-08,301.0,302.0,294.25,296.35
2013-10-09,296.5,298.35,291.15,296.25
2013-10-10,295.0,299.25,292.85,293.95
2013-10-11,297.0,297.4,280.7,282.55
2013-10-14,284.0,287.8,282.25,285.25
2013-10-15,286.0,287.2,279.45,283.45
2013-10-17,282.9,286.7,281.15,283.95
2013-10-18,282.25,287.9,282.25,286.1
2013-10-21,284.0,289.45,282.25,287.9
2013-10-22,286.1,293.95,285.35,292.95
2013-10-23,290.0,293.0,287.0,289.85
2013-10-24,287.05,290.0,278.0,279.3
2013-10-25,279.3,281.7,276.2,278.95
2013-10-28,279.5,280.1,275.1,276.55
2013-10-29,275.0,283.45,275.0,281.15
2013-10-30,281.0,284.85,280.05,282.25
2013-10-31,281.0,290.6,281.0,287.95
2013-11-01,286.5,295.4,286.5,292.05
2013-11-03,294.9,294.9,290.1,291.9
2013-11-05,289.1,297.9,289.1,296.4
2013-11-06,296.1,301.4,295.95,298.8
2013-11-07,299.0,301.5,293.75,295.95
2013-11-08,293.6,295.95,289.5,291.3
2013-11-11,291.5,293.9,288.1,289.25
2013-11-12,287.7,290.0,283.65,284.7
2013-11-13,286.0,288.1,280.5,285.1
2013-11-14,279.5,280.45,271.3,274.45
2013-11-18,271.7,277.6,270.15,270.75
2013-11-19,271.0,272.5,265.45,267.55
2013-11-20,267.5,275.0,266.75,272.5
2013-11-21,274.0,276.25,268.25,269.2
2013-11-22,271.0,271.8,267.0,267.85
2013-11-25,268.5,271.35,268.5,269.85
2013-11-26,268.5,272.5,262.1,263.05
2013-11-27,261.25,267.4,260.95,265.65
2013-11-28,266.0,271.0,266.0,269.9
2013-11-29,271.8,274.55,270.4,271.95
2013-12-02,269.0,275.3,269.0,273.95
2013-12-03,273.95,274.7,269.5,270.4
2013-12-04,271.0,273.2,268.0,271.8
2013-12-05,275.0,283.6,273.0,279.95
2013-12-06,279.9,293.0,279.35,289.55
2013-12-09,298.9,298.9,289.5,290.6
2013-12-10,290.25,293.65,282.55,285.85
2013-12-11,278.25,290.1,276.0,288.9
2013-12-12,287.9,287.9,280.0,281.0
2013-12-13,281.0,288.4,281.0,283.1
2013-12-16,286.8,290.35,282.0,286.85
2013-12-17,287.8,287.9,277.2,278.45
2013-12-18,276.65,283.45,276.65,283.05
2013-12-19,283.95,284.7,278.45,281.0
2013-12-20,281.8,285.3,281.1,284.4
2013-12-23,286.8,286.8,281.8,283.6
2013-12-24,284.5,286.65,282.0,283.2
2013-12-26,283.0,285.5,280.3,282.1
2013-12-27,284.1,284.1,280.45,283.1
2013-12-30,283.0,291.25,282.95,289.75
2013-12-31,291.95,293.2,289.3,290.0
2014-01-01,294.7,295.0,290.55,292.2
2014-01-02,291.4,292.0,281.8,283.15
2014-01-03,282.0,284.45,276.0,277.6
2014-01-06,279.1,280.15,274.0,276.3
2014-01-07,277.9,279.0,274.0,275.35
2014-01-08,279.0,291.7,277.0,288.8
2014-01-09,292.0,297.0,289.5,295.65
2014-01-10,296.75,296.75,286.4,288.95
2014-01-13,288.6,292.8,288.6,290.25
2014-01-14,294.0,295.8,286.4,288.9
2014-01-15,301.0,307.85,293.55,295.2
2014-01-16,297.25,303.85,292.55,302.65
2014-01-17,275.0,280.25,271.1,272.0
2014-01-20,272.35,274.6,268.0,269.45
2014-01-21,269.95,270.0,262.35,263.0
2014-01-22,262.9,265.4,260.7,261.8
2014-01-23,260.5,262.7,258.5,259.1
2014-01-24,258.0,261.35,257.05,257.9
2014-01-27,256.0,256.4,248.0,249.0
2014-01-28,248.0,253.65,247.6,249.15
2014-01-29,249.35,254.0,249.35,250.7
2014-01-30,248.0,251.5,245.15,246.15
2014-01-31,246.05,248.0,244.4,247.45
2014-02-03,246.0,249.05,244.4,245.75
2014-02-04,243.0,251.05,243.0,249.3
2014-02-05,247.8,255.8,247.8,255.2
2014-02-06,253.5,269.2,253.5,267.3
2014-02-07,269.0,270.3,262.8,269.6
2014-02-10,270.0,271.2,267.35,270.0
2014-02-11,270.0,270.65,266.0,270.0
2014-02-12,269.25,270.3,265.0,269.9
2014-02-13,268.55,268.55,259.45,260.4
2014-02-14,261.6,262.55,256.75,260.8
2014-02-17,260.95,261.0,255.5,256.25
2014-02-18,255.0,256.75,253.15,255.1
2014-02-19,256.2,257.4,253.7,254.8
2014-02-20,253.8,256.3,250.25,251.05
2014-02-21,252.55,253.2,250.5,251.25
2014-02-24,251.25,255.1,251.15,252.0
2014-02-25,252.5,252.9,245.4,246.15
2014-02-26,245.0,245.85,240.3,244.0
2014-02-28,244.2,247.5,242.6,244.0
2014-03-03,244.05,245.55,240.7,244.35
2014-03-04,244.5,248.0,244.3,247.15
2014-03-05,247.7,252.15,247.35,251.55
2014-03-06,252.0,257.65,252.0,257.1
2014-03-07,257.25,266.0,257.25,264.8
2014-03-10,262.25,264.5,257.1,258.8
2014-03-11,257.05,260.75,254.55,255.75
2014-03-12,254.0,261.05,253.0,260.5
2014-03-13,260.5,267.8,260.0,265.1
2014-03-14,266.5,267.65,261.5,264.25
2014-03-18,265.5,271.5,265.5,270.7
2014-03-19,271.2,275.7,262.55,263.15
2014-03-20,263.0,263.5,256.1,260.45
2014-03-21,260.45,264.0,258.05,263.05
2014-03-22,264.0,264.0,262.0,263.55
2014-03-24,264.1,272.0,264.1,269.95
2014-03-25,268.4,274.95,267.9,274.5
2014-03-26,274.95,282.0,273.0,280.75
2014-03-27,279.9,284.85,276.5,280.0
2014-03-28,281.2,287.9,275.65,286.35
2014-03-31,284.25,292.0,284.25,288.75
2014-04-01,289.5,292.0,282.0,290.5
2014-04-02,290.5,291.0,285.0,286.9
2014-04-03,287.05,288.1,279.25,280.5
2014-04-04,281.0,284.6,275.05,281.7
2014-04-07,282.05,285.75,276.55,284.0
2014-04-09,285.5,289.0,283.5,288.15
2014-04-10,289.7,293.5,284.4,292.15
2014-04-11,290.0,294.0,287.55,293.05
2014-04-15,291.0,294.95,285.1,292.8
2014-04-16,292.5,295.5,286.35,289.7
2014-04-17,290.3,292.0,286.35,290.9
2014-04-21,290.9,297.5,290.05,296.1
2014-04-22,297.5,300.8,295.05,299.0
2014-04-23,299.3,303.75,297.05,302.25
2014-04-25,301.75,304.35,299.2,299.95
2014-04-28,298.15,299.5,294.1,295.7
2014-04-29,295.5,299.0,292.1,296.7
2014-04-30,295.7,299.75,289.15,291.85
2014-05-02,292.0,297.6,292.0,295.3
2014-05-05,295.0,299.25,293.55,296.45
2014-05-06,297.0,298.25,295.25,296.45
2014-05-07,294.5,298.0,293.6,295.4
2014-05-08,295.4,297.5,292.95,293.75
2014-05-09,293.5,310.0,293.5,308.65
2014-05-12,309.0,337.1,309.0,331.05
2014-05-13,334.95,342.5,325.0,332.05
2014-05-14,332.0,345.75,327.35,343.3
2014-05-15,342.9,345.35,330.6,340.35
2014-05-16,358.0,365.4,340.05,345.4
2014-05-19,349.75,394.25,348.2,388.95
2014-05-20,390.0,391.3,360.5,366.5
2014-05-21,366.0,374.6,355.35,370.9
2014-05-22,380.5,401.4,380.1,389.9
2014-05-23,398.5,400.0,389.3,397.9
2014-05-26,407.7,416.8,388.0,401.05
2014-05-27,403.9,406.9,385.25,393.05
2014-05-28,393.0,394.0,378.55,380.4
2014-05-29,379.0,383.9,370.7,373.55
2014-05-30,371.9,382.35,369.0,370.9
2014-06-02,370.9,376.45,366.6,373.35
2014-06-03,376.35,394.9,374.05,393.4
2014-06-04,394.0,396.0,385.5,390.35
2014-06-05,392.0,397.5,387.6,391.95
2014-06-06,394.0,397.2,389.0,390.65
2014-06-09,393.0,419.25,391.25,413.2
2014-06-10,416.0,423.4,404.1,420.4
2014-06-11,422.0,423.7,401.5,404.3
2014-06-12,406.0,406.0,391.5,394.9
2014-06-13,397.0,405.5,386.05,389.35
2014-06-16,389.0,393.3,378.3,389.35
2014-06-17,388.7,401.85,387.4,400.45
2014-06-18,401.8,403.5,390.05,394.1
2014-06-19,396.0,398.0,383.35,385.15
2014-06-20,381.3,394.8,381.0,386.35
2014-06-23,383.85,390.0,383.3,387.9
2014-06-24,387.0,394.95,386.0,391.5
2014-06-25,393.9,400.25,392.4,397.85
2014-06-26,399.1,403.05,386.7,388.3
2014-06-27,390.4,392.25,380.0,380.85
2014-06-30,383.0,386.1,381.0,384.95
2014-07-01,388.7,392.35,383.6,384.45
2014-07-02,388.0,394.35,385.8,393.55
2014-07-03,395.5,401.7,393.1,396.1
2014-07-04,397.35,397.35,388.25,394.15
2014-07-07,394.15,399.8,392.0,396.75
2014-07-08,396.5,398.0,372.85,377.4
2014-07-09,378.5,384.0,363.0,365.7
2014-07-10,366.05,380.0,357.0,369.9
2014-07-11,373.8,375.0,357.4,362.7
2014-07-14,362.8,366.6,352.2,358.25
2014-07-15,361.0,367.55,357.5,364.45
2014-07-16,365.5,368.85,359.1,365.3
2014-07-17,362.55,377.7,362.55,376.7
2014-07-18,375.9,377.0,365.75,375.6
2014-07-21,375.05,381.45,375.05,378.45
2014-07-22,379.1,388.8,379.1,387.55
2014-07-23,389.9,393.5,382.5,384.8
2014-07-24,384.25,387.4,384.0,385.25
2014-07-25,384.25,386.6,374.35,377.0
2014-07-28,377.25,377.3,363.0,364.35
2014-07-30,365.0,368.2,363.2,367.3
2014-07-31,367.3,371.75,365.5,367.7
2014-08-01,364.0,373.45,356.1,359.0
2014-08-04,360.0,363.25,354.55,359.45
2014-08-05,360.25,367.55,353.5,361.1
2014-08-06,360.85,365.85,358.5,359.9
2014-08-07,356.3,367.0,356.3,363.0
2014-08-08,359.4,360.45,351.6,355.65
2014-08-11,358.0,360.2,356.25,357.4
2014-08-12,358.65,366.5,358.65,364.6
2014-08-13,367.2,368.35,347.1,353.05
2014-08-14,353.0,357.2,351.4,356.45
2014-08-18,355.0,365.75,354.5,363.7
2014-08-19,366.0,372.0,365.2,369.25
2014-08-20,368.6,370.6,365.05,366.65
2014-08-21,365.25,370.25,363.05,364.2
2014-08-22,365.1,365.5,356.25,357.05
2014-08-25,359.5,362.0,356.3,358.65
2014-08-26,359.0,365.0,351.0,356.6
2014-08-27,356.7,363.5,354.05,358.55
2014-08-28,358.55,360.8,355.0,356.1
2014-09-01,357.5,366.7,357.5,365.25
2014-09-02,366.8,368.0,361.5,363.4
2014-09-03,364.0,379.0,363.4,376.1
2014-09-04,376.1,382.3,371.5,379.05
2014-09-05,378.0,379.0,367.45,370.3
2014-09-08,364.0,375.55,362.2,374.7
2014-09-09,375.0,382.4,374.0,380.65
2014-09-10,383.0,384.9,372.1,373.65
2014-09-11,373.4,375.2,360.1,360.75
2014-09-12,360.75,363.0,355.1,357.7
2014-09-15,355.25,357.5,351.0,351.85
2014-09-16,351.2,352.8,342.6,344.45
2014-09-17,344.0,349.4,336.4,339.35
2014-09-18,339.85,347.5,339.35,344.9
2014-09-19,344.95,349.6,342.55,345.8
2014-09-22,342.3,348.3,340.75,343.0
2014-09-23,345.0,345.0,333.15,335.15
2014-09-24,335.35,352.9,335.25,351.35
2014-09-25,359.0,360.2,343.45,346.75
2014-09-26,345.0,351.25,335.5,348.1
2014-09-29,346.6,347.3,341.1,343.5
2014-09-30,341.8,349.75,338.5,341.35
2014-10-01,341.8,347.55,341.5,344.6
2014-10-07,341.2,347.9,339.1,341.55
2014-10-08,338.15,343.9,338.15,341.7
2014-10-09,340.0,345.5,339.45,343.35
2014-10-10,340.25,341.35,333.5,335.25
2014-10-13,334.7,343.0,331.35,340.8
2014-10-14,341.0,347.5,339.5,344.2
2014-10-16,343.1,351.3,340.6,348.6
2014-10-17,349.1,354.65,346.2,350.65
2014-10-20,355.0,366.2,352.55,361.3
2014-10-21,362.0,362.0,352.0,355.05
2014-10-22,357.0,357.0,351.0,353.05
2014-10-23,355.0,356.6,351.0,352.3
2014-10-27,352.5,359.3,347.8,356.5
2014-10-28,348.0,358.0,348.0,356.65
2014-10-29,356.85,360.0,354.35,358.8
2014-10-30,358.0,363.0,356.75,359.9
2014-10-31,360.0,371.95,360.0,370.55
2014-11-03,372.0,375.0,358.0,359.2
2014-11-05,361.0,361.95,344.8,349.1
2014-11-07,346.0,347.85,341.65,344.55
2014-11-10,341.0,353.55,339.1,349.1
2014-11-11,352.0,352.45,344.15,345.6
2014-11-12,349.1,349.6,344.4,345.9
2014-11-13,347.0,348.8,345.0,347.1
2014-11-14,345.0,358.3,345.0,356.3
2014-11-17,354.5,356.5,351.6,354.1
2014-11-18,354.05,359.2,350.2,352.6
2014-11-19,353.2,354.9,344.0,347.05
2014-11-20,347.2,352.8,344.05,346.75
2014-11-21,345.2,348.0,343.55,346.9
2014-11-24,347.5,349.9,344.5,347.3
2014-11-25,346.0,349.8,341.0,348.05
2014-11-26,347.0,351.9,347.0,349.55
2014-11-27,347.55,351.4,346.2,349.15
2014-11-28,350.1,357.7,346.5,355.0
2014-12-01,355.0,355.3,350.95,353.8
2014-12-02,351.55,358.2,348.8,355.75
2014-12-03,355.75,359.5,353.4,357.1
2014-12-04,357.5,358.0,351.0,355.85
2014-12-05,355.4,359.5,355.0,356.55
2014-12-08,357.55,367.95,357.0,364.6
2014-12-09,363.95,364.5,356.35,360.95
2014-12-10,362.75,364.5,358.55,360.05
2014-12-11,360.0,365.2,355.15,363.7
2014-12-12,364.0,368.8,362.45,364.35
2014-12-15,362.0,378.85,360.95,377.05
2014-12-16,376.4,380.9,363.75,366.75
2014-12-17,365.0,371.95,359.1,367.25
2014-12-18,370.1,370.95,362.5,367.55
2014-12-19,372.0,379.55,367.0,376.0
2014-12-22,378.05,391.9,378.05,390.35
2014-12-23,392.4,393.35,381.35,383.65
2014-12-24,384.8,389.8,373.55,376.85
2014-12-26,382.4,382.4,376.9,378.35
2014-12-29,378.4,388.45,378.4,386.9
2014-12-30,386.9,388.5,381.05,382.55
2014-12-31,382.9,389.0,379.2,383.85
2015-01-01,383.0,383.45,378.55,380.05
2015-01-02,380.5,386.6,379.95,381.75
2015-01-05,381.0,386.0,377.0,380.25
2015-01-06,374.0,382.1,373.7,379.95
2015-01-07,380.0,384.45,372.55,374.7
2015-01-08,384.7,385.0,377.3,379.45
2015-01-09,382.0,383.0,372.9,375.05
2015-01-12,374.9,374.9,356.0,357.85
2015-01-13,358.5,362.4,358.05,361.2
2015-01-14,363.9,364.9,360.3,363.2
2015-01-15,368.0,371.75,362.1,368.45
2015-01-16,367.25,380.6,364.4,379.05
2015-01-19,379.0,383.9,374.1,379.2
2015-01-20,384.65,384.65,378.9,382.3
2015-01-21,382.6,393.5,381.05,391.85
2015-01-22,394.6,397.6,391.05,396.4
2015-01-23,398.0,400.0,390.6,394.7
2015-01-27,391.9,394.7,379.0,382.65
2015-01-28,382.4,388.7,380.5,383.8
2015-01-29,365.0,379.7,364.2,374.95
2015-01-30,362.0,364.2,360.05,360.85
2015-02-02,354.25,357.0,350.15,355.1
2015-02-03,355.05,359.95,353.6,356.65
2015-02-04,357.2,368.8,357.1,366.05
2015-02-05,366.4,374.95,366.25,369.9
2015-02-06,369.0,370.25,359.1,364.0
2015-02-09,360.95,362.4,358.0,360.65
2015-02-10,358.05,369.0,358.05,368.15
2015-02-11,369.0,376.9,369.0,372.1
2015-02-12,372.35,374.7,365.0,368.75
2015-02-13,363.3,379.9,363.0,377.85
2015-02-16,377.65,383.85,375.1,377.05
2015-02-18,377.6,384.7,377.1,380.35
2015-02-19,380.45,390.0,375.85,383.95
2015-02-20,381.6,385.0,377.3,382.75
2015-02-23,384.85,386.8,382.2,384.2
2015-02-24,387.0,390.25,382.8,384.2
2015-02-25,387.8,389.8,383.85,386.6
2015-02-26,385.55,386.95,378.5,384.35
2015-02-27,386.4,398.0,384.95,395.25
2015-02-28,398.0,398.9,390.25,393.95
2015-03-02,394.8,398.2,386.1,394.75
2015-03-03,373.5,382.0,373.0,379.65
2015-03-04,382.0,382.0,370.0,371.55
2015-03-05,372.0,375.2,362.0,363.95
2015-03-09,361.9,369.15,356.1,357.3
2015-03-10,359.0,371.8,358.15,370.7
2015-03-11,369.0,370.7,366.0,369.3
2015-03-12,369.85,372.25,363.0,364.7
2015-03-13,366.95,369.5,363.5,365.1
2015-03-16,367.0,367.0,361.05,364.4
2015-03-17,368.0,368.4,359.65,361.8
2015-03-18,362.2,365.75,361.05,364.55
2015-03-19,366.5,369.5,363.0,365.35
2015-03-20,365.95,371.0,363.6,368.25
2015-03-23,368.0,370.35,363.1,369.0
2015-03-24,367.55,373.0,366.55,370.05
2015-03-25,371.4,371.4,360.1,361.8
2015-03-26,358.85,360.0,350.0,352.3
2015-03-27,353.15,354.45,346.4,348.0
2015-03-30,350.95,359.95,346.65,359.3
2015-03-31,360.0,365.95,359.55,362.9
2015-04-01,362.9,364.25,358.0,363.0
2015-04-06,364.05,364.6,358.7,360.75
2015-04-07,360.75,362.4,356.4,359.6
2015-04-08,365.25,382.7,365.1,380.35
2015-04-09,383.35,389.4,378.9,386.95
2015-04-10,383.95,390.2,383.9,389.0
2015-04-13,389.4,395.7,383.8,392.35
2015-04-15,391.7,391.7,384.0,385.95
2015-04-16,385.95,386.05,381.6,383.65
2015-04-17,382.05,385.15,379.05,380.4
2015-04-20,381.85,382.75,370.55,372.05
2015-04-21,372.05,378.7,372.05,374.4
2015-04-22,374.25,380.9,373.45,379.2
2015-04-23,382.0,385.9,380.9,384.25
2015-04-24,384.0,384.85,374.15,376.25
2015-04-27,377.3,380.0,370.7,377.65
2015-04-28,377.0,378.0,370.8,372.4
2015-04-29,371.0,375.05,369.65,370.95
2015-04-30,368.2,370.4,359.2,362.75
2015-05-04,366.0,371.4,363.1,369.8
2015-05-05,368.9,368.9,361.5,364.4
2015-05-06,362.15,364.0,352.15,353.1
2015-05-07,353.8,362.1,352.5,360.8
2015-05-08,362.3,365.95,358.4,363.7
2015-05-11,365.0,374.9,365.0,371.95
2015-05-12,373.95,376.6,367.0,369.2
2015-05-13,370.2,372.65,365.0,368.95
2015-05-14,368.95,371.5,363.6,370.2
2015-05-15,370.95,371.3,364.6,366.9
2015-05-18,367.85,368.85,364.2,366.1
2015-05-19,366.0,366.4,362.8,363.65
2015-05-20,364.1,365.2,359.4,361.35
2015-05-21,363.5,374.9,363.5,373.7
2015-05-22,376.45,376.55,369.2,374.75
2015-05-25,374.0,376.6,366.6,369.9
2015-05-26,369.0,376.4,367.85,375.0
2015-05-27,373.9,384.0,372.0,383.05
2015-05-28,382.95,388.0,377.4,383.35
2015-05-29,381.95,393.75,380.95,391.05
2015-06-01,392.0,396.45,390.0,391.8
2015-06-02,392.0,393.45,382.5,383.5
2015-06-03,382.0,392.7,381.4,387.25
2015-06-04,387.0,390.9,383.25,388.55
2015-06-05,392.05,409.75,392.05,405.35
2015-06-08,406.35,413.95,399.4,400.95
2015-06-09,398.95,404.0,395.15,401.3
2015-06-10,401.7,406.8,401.25,404.9
2015-06-11,406.3,409.0,399.0,400.1
2015-06-12,400.1,401.0,393.6,396.1
2015-06-15,397.85,399.0,391.95,394.3
2015-06-16,395.0,398.5,393.4,397.35
2015-06-17,399.0,402.7,396.75,398.1
2015-06-18,402.3,402.3,392.6,394.55
2015-06-19,397.0,399.3,391.6,393.65
2015-06-22,395.55,403.8,395.55,399.7
2015-06-23,400.4,419.75,399.7,415.4
2015-06-24,418.9,421.5,408.75,412.3
2015-06-25,410.9,414.1,409.05,411.35
2015-06-26,411.4,416.0,408.0,411.4
2015-06-29,408.75,414.25,399.4,407.7
2015-06-30,409.8,422.6,409.45,421.25
2015-07-01,422.55,429.3,422.0,425.5
2015-07-02,426.45,427.45,419.5,424.05
2015-07-03,424.05,424.5,415.0,417.5
2015-07-06,415.0,422.6,413.7,419.75
2015-07-07,420.75,430.7,419.2,428.9
2015-07-08,427.25,427.8,414.5,417.15
2015-07-09,420.0,422.7,416.45,417.15
2015-07-10,421.0,425.0,418.7,419.95
2015-07-13,421.95,422.0,416.1,419.95
2015-07-14,421.4,435.45,420.1,434.15
2015-07-15,439.0,440.8,435.6,436.65
2015-07-16,438.4,441.2,437.0,438.3
2015-07-17,438.4,438.45,429.0,430.15
2015-07-20,432.0,432.0,423.9,425.45
2015-07-21,428.75,432.5,424.25,428.65
2015-07-22,426.25,433.65,426.25,432.35
2015-07-23,434.6,437.0,430.2,431.5
2015-07-24,430.5,434.8,425.0,426.05
2015-07-27,426.45,426.65,419.75,423.6
2015-07-28,424.95,427.45,417.5,420.85
2015-07-29,421.3,424.0,418.2,420.15
2015-07-30,421.65,424.0,417.2,420.35
2015-07-31,425.5,442.8,424.2,439.05
2015-08-03,441.0,442.45,428.6,431.7
2015-08-04,435.0,444.5,431.2,443.4
2015-08-05,445.0,447.1,436.6,438.5
2015-08-06,437.05,439.9,430.45,431.4
2015-08-07,430.8,434.1,412.15,414.7
2015-08-10,417.9,418.05,405.75,407.95
2015-08-11,409.5,410.0,390.35,392.7
2015-08-12,394.8,394.8,362.2,371.4
2015-08-13,371.9,378.9,365.0,377.05
2015-08-14,377.0,381.9,373.5,377.55
2015-08-17,379.95,381.8,374.4,379.85
2015-08-18,380.6,383.6,359.6,364.15
2015-08-19,363.6,365.4,354.5,355.65
2015-08-20,356.05,361.3,348.25,349.85
2015-08-21,347.9,353.05,345.5,348.65
2015-08-24,340.0,343.9,332.45,336.6
2015-08-25,341.1,355.0,340.55,353.6
2015-08-26,352.7,362.75,349.7,358.15
2015-08-27,362.9,366.4,354.85,361.85
2015-08-28,367.0,367.0,354.7,357.55
2015-08-31,355.95,367.95,351.3,366.35
2015-09-01,362.0,365.5,346.25,354.7
2015-09-02,357.0,359.2,342.05,344.35
2015-09-03,346.25,351.45,339.6,345.3
2015-09-04,345.0,349.3,338.0,347.5
2015-09-07,351.9,351.9,336.0,337.45
2015-09-08,338.0,340.5,335.0,337.35
2015-09-09,343.8,343.8,337.5,338.95
2015-09-10,336.8,340.5,334.1,338.35
2015-09-11,340.0,340.7,333.0,333.85
2015-09-14,335.0,340.45,331.05,339.3
2015-09-15,340.0,340.7,336.15,338.05
2015-09-16,339.9,340.6,336.2,337.45
2015-09-18,341.0,345.0,338.4,343.35
2015-09-21,342.0,343.5,338.5,342.2
2015-09-22,344.0,344.75,322.25,323.6
2015-09-23,321.0,330.0,317.6,327.8
2015-09-24,327.3,328.1,316.0,318.4
2015-09-28,321.5,321.5,307.55,308.85
2015-09-29,306.85,317.2,300.8,315.4
2015-09-30,318.0,329.1,316.2,327.6
2015-10-01,329.55,330.35,324.5,328.35
2015-10-05,330.0,333.2,323.7,329.75
2015-10-06,333.0,344.05,329.2,342.7
2015-10-07,342.95,348.9,339.6,346.25
2015-10-08,346.4,348.7,343.35,346.2
2015-10-09,348.0,348.75,334.55,335.85
2015-10-12,337.0,340.0,332.0,334.4
2015-10-13,332.0,341.8,331.5,340.35
2015-10-14,339.9,339.9,334.1,334.75
2015-10-15,336.25,343.4,333.0,341.4
2015-10-16,342.7,342.8,335.25,338.6
2015-10-19,338.6,340.4,335.6,337.8
2015-10-20,338.0,338.5,334.0,334.95
2015-10-21,335.1,339.7,333.85,337.25
2015-10-23,340.0,343.8,338.5,341.9
2015-10-26,344.4,344.7,332.1,333.4
2015-10-27,333.5,335.1,328.1,332.3
2015-10-28,330.8,335.0,327.2,330.2
2015-10-29,330.15,332.0,320.75,321.8
2015-10-30,321.1,326.5,318.75,319.9
2015-11-02,320.0,326.0,316.55,325.0
2015-11-03,326.9,327.95,324.8,325.85
2015-11-04,327.1,331.35,325.15,330.45
2015-11-05,330.9,339.45,328.35,337.1
2015-11-06,338.8,345.0,333.0,342.2
2015-11-09,335.0,341.0,332.5,339.6
2015-11-10,336.6,337.75,323.5,326.05
2015-11-11,330.0,333.0,327.25,328.25
2015-11-13,331.1,341.5,328.95,337.7
2015-11-16,334.45,336.95,326.65,330.75
2015-11-17,331.0,334.5,330.05,332.35
2015-11-18,333.1,339.6,327.75,335.05
2015-11-19,335.5,336.7,330.05,333.7
2015-11-20,333.7,337.6,331.9,333.3
2015-11-23,334.0,334.0,330.65,332.2
2015-11-24,332.8,336.5,330.7,332.4
2015-11-26,331.95,341.55,331.65,335.8
2015-11-27,337.45,338.75,334.25,336.5
2015-11-30,335.9,337.25,329.55,330.55
2015-12-01,331.1,343.0,331.1,341.55
2015-12-02,344.4,346.55,337.5,338.35
2015-12-03,337.5,341.0,334.2,334.8
2015-12-04,334.0,338.65,332.0,335.25
2015-12-07,336.15,338.0,325.5,327.55
2015-12-08,324.9,327.0,316.85,318.0
2015-12-09,316.0,324.0,306.0,307.6
2015-12-10,309.8,312.2,307.85,310.95
2015-12-11,311.05,312.0,306.25,307.75
2015-12-14,306.0,317.65,305.0,316.15
2015-12-15,318.4,318.45,312.55,314.55
2015-12-16,316.9,319.4,312.0,316.8
2015-12-17,316.5,318.75,313.6,316.05
2015-12-18,316.55,318.75,314.5,316.35
2015-12-21,316.35,324.25,316.0,319.3
2015-12-22,319.45,321.9,316.5,319.1
2015-12-23,320.5,323.8,319.45,322.5
2015-12-24,325.65,328.4,321.4,322.3
2015-12-28,322.95,326.85,322.1,325.5
2015-12-29,325.55,326.5,319.6,321.75
2015-12-30,322.0,324.95,320.3,322.1
2015-12-31,323.0,332.0,323.0,329.8
2016-01-01,330.0,335.0,325.3,334.05
2016-01-04,332.95,337.1,327.5,330.2
2016-01-05,332.9,332.9,324.3,325.8
2016-01-06,325.2,331.0,324.5,327.9
2016-01-07,326.8,329.75,324.25,326.4
2016-01-08,328.0,329.5,317.0,321.1
2016-01-11,319.0,319.0,311.0,315.95
2016-01-12,315.95,317.7,312.2,316.0
2016-01-13,318.0,320.5,313.4,317.3
2016-01-14,314.15,321.85,310.6,318.65
2016-01-15,319.9,321.0,317.2,318.55
2016-01-18,315.5,323.1,309.4,310.85
2016-01-19,311.1,312.0,302.0,308.85
2016-01-20,305.8,316.55,292.0,298.15
2016-01-21,302.1,302.15,286.5,288.2
2016-01-22,291.0,302.6,289.2,299.45
2016-01-25,302.0,306.3,299.45,304.9
2016-01-27,304.7,305.5,298.1,304.05
2016-01-28,302.5,313.75,301.1,306.6
2016-01-29,305.95,324.5,305.1,319.95
2016-02-01,321.7,330.0,311.65,328.55
2016-02-02,327.5,332.6,316.5,318.95
2016-02-03,317.0,324.3,314.8,317.25
2016-02-04,317.95,323.4,317.85,322.5
2016-02-05,323.4,337.2,318.0,326.25
2016-02-08,327.0,329.75,321.8,323.35
2016-02-09,320.4,323.0,308.05,309.25
2016-02-10,305.1,316.25,302.1,313.75
2016-02-11,311.9,313.75,295.75,305.1
2016-02-12,309.1,311.1,300.5,302.85
2016-02-15,307.55,330.75,306.4,324.25
2016-02-16,326.0,326.7,313.5,317.9
2016-02-17,318.05,319.0,306.5,312.8
2016-02-18,314.8,319.1,314.0,317.6
2016-02-19,316.0,316.95,310.1,312.25
2016-02-22,312.6,316.0,310.2,313.9
2016-02-23,313.9,314.0,299.7,301.1
2016-02-24,300.95,300.95,292.7,295.25
2016-02-25,296.0,307.9,295.2,299.4
2016-02-26,302.05,312.85,301.5,311.45
2016-02-29,317.0,317.7,306.25,311.0
2016-03-01,311.7,318.85,309.55,317.85
2016-03-02,318.0,320.0,309.9,311.0
2016-03-03,314.8,317.05,310.0,314.1
2016-03-04,315.1,327.5,314.55,325.15
2016-03-08,332.0,333.0,322.35,324.05
2016-03-09,324.0,326.1,322.0,322.5
2016-03-10,325.0,326.1,320.1,321.7
2016-03-11,323.0,325.65,316.7,318.9
2016-03-14,292.9,299.0,292.0,296.7
2016-03-15,298.6,298.7,295.2,295.65
2016-03-16,296.4,296.9,293.5,295.65
2016-03-17,297.2,298.2,293.45,294.25
2016-03-18,296.0,298.8,293.8,297.75
2016-03-21,297.25,298.5,295.0,296.6
2016-03-22,296.5,299.7,293.55,294.4
2016-03-23,295.95,298.5,294.9,298.0
2016-03-28,298.5,298.5,292.2,293.5
2016-03-29,293.95,297.4,293.05,295.15
2016-03-30,295.6,297.55,295.4,296.85
2016-03-31,297.85,297.85,291.0,291.95
2016-04-01,292.0,293.75,285.65,287.0
2016-04-04,288.4,288.95,284.0,285.0
2016-04-05,284.5,284.95,274.1,275.25
2016-04-06,276.0,279.9,274.0,275.6
2016-04-07,277.2,281.75,276.3,281.25
2016-04-08,281.75,283.0,278.4,279.6
2016-04-11,280.2,282.6,277.2,280.45
2016-04-12,280.45,280.5,271.65,274.4
2016-04-13,276.25,278.3,275.0,277.45
2016-04-18,276.7,278.55,274.2,275.8
2016-04-20,277.8,282.0,276.15,278.65
2016-04-21,280.0,288.75,279.8,287.75
2016-04-22,288.65,288.65,285.0,287.8
2016-04-25,288.6,290.9,286.8,287.95
2016-04-26,287.1,289.9,286.5,288.3
2016-04-27,289.0,293.5,288.05,290.9
2016-04-28,291.55,293.65,283.65,285.05
2016-04-29,285.0,289.65,284.25,288.05
2016-05-02,288.7,289.0,286.6,288.65
2016-05-03,289.0,289.25,277.5,279.15
2016-05-04,277.8,281.45,272.4,279.95
2016-05-05,280.5,283.15,280.0,281.8
2016-05-06,281.25,282.45,277.5,281.9
2016-05-09,282.15,286.5,282.15,285.6
2016-05-10,286.7,286.7,283.0,284.9
2016-05-11,281.7,284.4,276.65,283.8
2016-05-12,284.05,284.85,282.0,283.85
2016-05-13,283.6,283.6,278.55,281.45
2016-05-16,281.9,283.9,279.65,282.85
2016-05-17,283.75,284.9,281.8,283.85
2016-05-18,285.3,285.3,281.2,283.95
2016-05-19,284.0,284.4,279.4,280.3
2016-05-20,280.6,281.1,278.05,279.0
2016-05-23,281.0,281.5,278.2,280.5
2016-05-24,281.4,281.4,278.0,279.55
2016-05-25,280.4,281.5,277.7,281.0
2016-05-26,281.0,281.7,278.75,280.85
2016-05-27,282.25,284.5,280.2,281.3
2016-05-30,289.25,295.95,288.5,292.55
2016-05-31,293.9,295.25,287.9,291.4
2016-06-01,292.05,299.5,289.05,297.2
2016-06-02,297.8,309.5,296.7,307.35
2016-06-03,310.0,311.9,308.05,308.95
2016-06-06,308.1,308.5,304.0,305.8
2016-06-07,307.1,309.5,305.05,307.8
2016-06-08,307.55,307.95,304.0,306.8
2016-06-09,306.8,314.4,305.4,313.0
2016-06-10,313.7,315.9,306.15,306.65
2016-06-13,305.0,310.45,304.55,308.5
2016-06-14,310.0,310.35,306.65,308.85
2016-06-15,309.15,310.8,304.85,309.75
2016-06-16,309.05,309.5,305.5,307.55
2016-06-17,308.0,314.5,308.0,313.2
2016-06-20,310.0,313.2,309.85,312.35
2016-06-21,313.0,315.0,311.55,313.0
2016-06-22,313.0,318.4,312.0,317.5
2016-06-23,317.5,318.9,316.1,317.55
2016-06-24,308.25,314.0,305.55,312.25
2016-06-27,306.55,312.5,306.55,308.1
2016-06-28,310.75,314.25,309.9,313.3
2016-06-29,314.2,314.65,309.6,311.0
2016-06-30,314.0,314.4,311.55,313.0
2016-07-01,313.0,314.4,309.55,310.1
2016-07-04,312.5,319.0,311.5,317.95
2016-07-05,317.95,323.4,317.0,321.95
2016-07-07,324.85,325.85,314.7,315.55
2016-07-08,313.3,314.95,310.0,311.7
2016-07-11,315.0,322.6,314.65,320.9
2016-07-12,321.35,321.35,313.3,317.05
2016-07-13,319.0,325.5,317.25,324.05
2016-07-14,325.0,327.6,321.5,324.65
2016-07-15,324.65,325.0,317.0,318.85
2016-07-18,319.65,324.0,318.9,321.65
2016-07-19,321.95,323.7,318.0,318.95
2016-07-20,319.9,329.95,319.5,329.25
2016-07-21,330.0,335.8,326.7,333.35
2016-07-22,333.0,333.75,329.7,331.45
2016-07-25,331.0,334.4,329.8,333.75
2016-07-26,334.0,334.2,326.8,327.45
2016-07-27,327.25,330.8,323.75,325.55
2016-07-28,326.15,333.15,326.1,329.95
2016-07-29,330.0,334.0,326.85,328.0
2016-08-01,329.3,331.5,325.75,326.45
2016-08-02,327.0,329.0,322.0,323.05
2016-08-03,323.7,328.6,322.1,326.15
2016-08-04,328.4,328.65,320.65,323.5
2016-08-05,325.35,330.4,324.95,329.4
2016-08-08,330.0,332.5,327.8,331.95
2016-08-09,334.0,337.5,333.0,337.15
2016-08-10,338.4,340.0,334.5,337.95
2016-08-11,337.15,338.6,333.35,337.8
2016-08-12,337.2,339.6,335.65,337.95
2016-08-16,337.0,340.35,335.2,337.8
2016-08-17,337.95,349.95,337.85,347.8
2016-08-18,348.1,348.25,338.1,339.05
2016-08-19,340.05,340.4,332.1,334.15
2016-08-22,331.9,337.1,331.0,334.9
2016-08-23,335.6,337.5,332.55,336.65
2016-08-24,336.6,336.7,332.6,333.95
2016-08-25,334.5,336.7,329.35,331.3
2016-08-26,331.45,334.3,329.5,333.3
2016-08-29,333.0,334.4,330.5,333.85
2016-08-30,335.1,336.1,332.4,334.65
2016-08-31,334.0,336.4,331.1,333.5
2016-09-01,334.1,339.0,332.6,338.0
2016-09-02,337.0,337.15,331.45,332.3
2016-09-06,333.55,333.75,325.15,328.85
2016-09-07,329.0,332.4,327.1,331.0
2016-09-08,331.0,333.0,328.8,332.55
2016-09-09,333.0,333.0,330.55,332.2
2016-09-12,327.7,333.0,327.5,330.45
2016-09-14,323.6,327.55,321.5,324.35
2016-09-15,325.35,326.9,321.8,323.75
2016-09-16,325.2,327.0,322.3,324.55
2016-09-19,324.0,329.1,324.0,328.3
2016-09-20,328.8,330.4,327.15,329.25
2016-09-21,329.3,331.95,327.55,331.0
2016-09-22,333.35,333.55,326.65,327.45
2016-09-23,327.15,329.95,327.15,328.4
2016-09-26,328.85,334.1,328.15,332.45
2016-09-27,335.5,337.2,332.0,332.75
2016-09-28,332.75,335.7,327.6,328.45
2016-09-29,330.3,332.45,322.55,327.65
2016-09-30,326.15,328.8,316.9,322.3
2016-10-03,323.1,328.7,321.5,327.9
2016-10-04,328.0,329.0,319.35,321.1
2016-10-05,322.1,323.6,318.75,321.25
2016-10-06,323.0,323.0,317.2,318.55
2016-10-07,319.2,319.7,315.65,318.8
2016-10-10,320.0,321.75,318.15,318.9
2016-10-13,318.0,318.9,312.0,315.5
2016-10-14,316.0,318.2,312.35,313.05
2016-10-17,314.8,316.4,309.65,311.25
2016-10-18,311.9,314.7,311.6,312.55
2016-10-19,312.0,314.9,311.65,312.55
2016-10-20,312.25,314.65,312.2,312.6
2016-10-21,312.6,314.2,312.3,313.3
2016-10-24,313.9,322.6,312.85,321.25
2016-10-25,323.9,323.9,318.05,319.65
2016-10-26,318.95,321.6,316.9,319.3
2016-10-27,320.0,320.25,315.35,316.3
2016-10-28,317.0,327.0,315.7,324.8
2016-10-30,325.4,326.85,324.8,325.4
2016-11-01,326.5,331.3,323.3,330.05
2016-11-02,326.05,329.25,323.05,327.95
2016-11-03,327.8,331.0,325.25,327.0
2016-11-04,327.0,327.0,312.3,315.9
2016-11-07,318.9,322.5,316.65,319.3
2016-11-08,319.3,322.05,315.55,317.05
2016-11-09,301.1,321.0,289.3,317.05
2016-11-10,321.8,337.3,320.0,333.2
2016-11-11,329.85,332.0,321.4,324.05
2016-11-15,323.0,328.95,312.0,313.65
2016-11-16,317.3,317.3,309.05,313.05
2016-11-17,310.75,312.7,302.0,306.85
2016-11-18,307.2,309.35,304.0,306.7
2016-11-21,306.7,310.35,299.3,300.75
2016-11-22,302.0,304.95,298.85,303.4
2016-11-23,306.0,306.95,302.15,304.05
2016-11-24,304.0,304.5,298.6,300.35
2016-11-25,302.4,305.25,300.9,304.25
2016-11-28,304.9,305.7,302.1,304.9
2016-11-29,306.4,314.0,306.0,308.4
2016-11-30,310.65,310.7,305.05,308.6
2016-12-01,309.2,310.3,305.35,306.3
2016-12-02,308.15,311.7,304.5,305.85
2016-12-05,305.1,307.15,301.9,305.35
2016-12-06,306.55,309.5,304.55,305.7
2016-12-07,306.65,308.0,304.3,305.3
2016-12-08,307.8,313.65,306.5,312.1
2016-12-09,312.95,313.25,305.9,306.45
2016-12-12,305.9,309.7,304.65,305.3
2016-12-13,303.1,307.85,303.1,305.95
2016-12-14,297.0,298.9,291.05,292.0
2016-12-15,290.0,293.8,289.3,290.15
2016-12-16,292.15,292.5,287.1,288.25
2016-12-19,288.45,289.8,286.5,287.35
2016-12-20,290.0,292.6,289.2,290.6
2016-12-21,291.6,294.5,289.15,292.2
2016-12-22,291.0,291.9,287.05,287.65
2016-12-23,289.0,289.0,286.0,287.85
2016-12-26,288.4,288.4,282.6,285.0
2016-12-27,282.5,290.25,282.5,288.95
2016-12-28,290.0,296.4,288.7,295.2
2016-12-29,292.7,301.7,292.7,298.65
2016-12-30,298.0,301.3,296.1,300.0
2017-01-02,300.05,302.65,297.0,300.05
2017-01-03,301.0,307.3,299.5,305.3
2017-01-04,306.0,310.0,305.45,306.15
2017-01-05,307.1,311.4,306.6,308.3
2017-01-06,309.0,310.55,305.0,306.2
2017-01-09,305.85,305.95,299.6,300.0
2017-01-10,301.05,303.25,299.1,300.6
2017-01-11,301.6,318.0,301.6,316.85
2017-01-12,318.0,318.65,310.5,313.2
2017-01-13,316.0,319.3,313.55,315.0
2017-01-16,319.0,319.0,310.35,313.8
2017-01-17,314.55,315.45,306.05,307.0
2017-01-18,304.8,309.8,304.55,308.7
2017-01-19,309.0,310.45,306.6,307.35
2017-01-20,307.0,308.35,302.45,303.7
2017-01-23,303.9,306.2,302.55,303.4
2017-01-24,304.5,310.75,303.6,309.45
2017-01-25,309.8,319.0,307.5,317.2
2017-01-27,318.0,320.4,316.0,317.75
2017-01-30,316.6,317.55,313.4,314.7
2017-01-31,313.4,314.35,303.0,309.2
2017-02-01,310.0,313.7,306.3,313.05
2017-02-02,311.4,322.8,308.75,320.45
2017-02-03,320.45,326.9,320.45,326.15
2017-02-06,326.0,329.0,322.4,325.05
2017-02-07,326.0,326.5,310.55,315.05
2017-02-08,313.0,322.5,313.0,321.75
2017-02-09,322.1,325.0,318.2,322.15
2017-02-10,324.0,325.25,321.4,324.5
2017-02-13,318.0,321.5,314.8,320.9
2017-02-14,319.0,320.7,315.25,320.2
2017-02-15,320.95,322.8,317.25,319.95
2017-02-16,317.5,319.0,315.8,318.3
2017-02-17,320.0,320.0,311.0,316.25
2017-02-20,316.25,320.9,314.1,319.9
2017-02-21,320.5,321.4,317.1,319.6
2017-02-22,322.3,329.7,320.55,328.35
2017-02-23,329.6,332.0,325.5,327.7
2017-02-27,330.0,332.3,327.7,329.95
2017-02-28,330.0,331.4,320.1,321.9
2017-03-01,323.0,324.5,318.6,320.2
2017-03-02,318.35,326.35,318.35,321.4
2017-03-03,322.0,324.4,320.5,321.25
2017-03-06,325.0,327.9,320.6,322.9
2017-03-07,325.0,326.25,321.3,322.8
2017-03-08,325.0,325.7,319.3,320.2
2017-03-09,319.35,319.9,317.55,318.1
2017-03-10,319.55,320.0,315.25,316.3
2017-03-14,302.0,302.0,293.9,294.95
2017-03-15,296.5,296.95,292.0,292.7
2017-03-16,294.6,295.5,291.2,291.95
2017-03-17,293.95,294.6,288.2,289.25
2017-03-20,290.0,292.4,288.05,291.8
2017-03-21,293.0,294.8,291.0,292.25
2017-03-22,291.0,293.3,289.5,292.15
2017-03-23,292.35,296.95,292.3,295.9
2017-03-24,298.0,300.0,295.65,297.85
2017-03-27,293.45,293.45,290.45,291.5
2017-03-28,291.9,292.4,289.6,290.35
2017-03-29,290.5,294.6,290.2,294.1
2017-03-30,295.5,295.5,289.0,289.5
2017-03-31,290.0,294.2,289.6,292.65
2017-04-03,292.65,295.25,291.0,295.0
2017-04-05,296.8,296.8,289.8,290.05
2017-04-06,289.8,289.8,285.75,286.4
2017-04-07,286.2,286.2,280.1,283.9
2017-04-10,284.9,288.6,284.75,286.75
2017-04-11,286.5,290.4,286.15,288.9
2017-04-12,288.25,291.85,288.0,290.0
2017-04-13,288.9,291.55,288.55,291.05
2017-04-17,291.0,291.0,285.2,285.8
2017-04-18,283.0,284.5,278.7,279.25
2017-04-19,278.5,283.4,276.1,282.7
2017-04-20,283.9,284.0,278.1,279.4
2017-04-21,280.95,281.7,276.4,277.0
2017-04-24,279.45,279.45,276.3,277.15
2017-04-25,278.0,278.9,277.15,278.3
2017-04-26,278.9,280.7,276.0,276.65
2017-04-27,276.85,277.9,273.1,274.15
2017-04-28,274.15,278.25,274.15,276.65
2017-05-02,278.7,278.7,273.85,274.55
2017-05-03,277.4,280.2,275.0,279.55
2017-05-04,280.0,281.6,279.0,280.25
2017-05-05,282.0,284.45,278.05,278.5
2017-05-08,281.0,281.0,278.2,279.1
2017-05-09,279.4,280.15,276.0,278.15
2017-05-10,277.7,279.3,277.1,278.55
2017-05-11,279.9,280.0,273.75,274.2
2017-05-12,274.6,278.05,274.6,276.6
2017-05-15,277.25,278.5,277.25,277.75
2017-05-16,277.4,277.7,274.5,275.95
2017-05-17,275.2,278.0,275.0,276.35
2017-05-18,275.0,278.4,275.0,276.45
2017-05-19,278.4,283.65,275.75,276.25
2017-05-22,277.35,277.75,273.5,273.85
2017-05-23,273.9,274.8,267.15,267.85
2017-05-24,268.3,270.25,261.0,261.75
2017-05-25,263.8,266.25,262.75,265.45
2017-05-26,266.0,269.25,265.9,268.25
2017-05-29,270.0,271.0,265.75,267.3
2017-05-30,259.8,268.6,259.5,267.7
2017-05-31,268.0,268.9,262.0,262.55
2017-06-01,263.0,266.1,262.75,265.35
2017-06-02,265.35,270.25,265.35,268.8
2017-06-05,267.45,267.9,263.7,264.55
2017-06-06,265.0,265.3,262.0,262.3
2017-06-07,263.0,265.0,262.5,264.4
2017-06-08,264.6,264.75,262.1,262.9
2017-06-09,264.0,264.5,261.0,261.5
2017-06-12,261.95,262.5,260.1,260.3
2017-06-13,260.0,260.4,258.5,259.05
2017-06-14,259.5,259.75,256.1,257.05
2017-06-15,256.8,256.95,253.0,254.2
2017-06-16,254.9,257.2,253.95,255.7
2017-06-19,256.25,256.95,251.5,253.95
2017-06-20,254.45,255.0,253.0,253.55
2017-06-21,253.7,253.75,250.1,250.45
2017-06-22,250.5,251.65,245.2,245.7
2017-06-23,245.7,247.8,243.1,244.9
2017-06-27,245.1,246.6,244.0,244.35
2017-06-28,246.0,247.2,244.55,245.75
2017-06-29,246.8,247.8,244.6,245.15
2017-06-30,244.7,245.9,243.5,244.25
2017-07-03,245.35,249.5,242.6,248.85
2017-07-04,250.5,250.5,246.2,246.75
2017-07-05,248.8,249.0,246.25,247.5
2017-07-06,247.5,252.8,247.1,251.45
2017-07-07,250.05,252.95,250.05,251.1
2017-07-10,255.0,259.35,251.5,258.8
2017-07-11,259.0,259.9,253.75,254.5
2017-07-12,255.0,256.75,253.1,253.45
2017-07-13,254.2,255.8,251.85,253.65
2017-07-14,253.95,254.3,248.1,250.45
2017-07-17,250.75,251.0,246.05,247.0
2017-07-18,248.5,249.3,245.75,248.5
2017-07-19,248.05,256.65,248.05,254.7
2017-07-20,254.7,258.5,254.25,255.3
2017-07-21,255.0,262.95,254.1,262.35
2017-07-24,263.0,265.25,260.1,261.55
2017-07-25,262.0,262.35,257.75,258.3
2017-07-26,258.4,261.9,258.05,260.65
2017-07-27,261.6,262.2,254.5,255.25
2017-07-28,254.2,256.6,250.0,251.55
2017-07-31,252.0,252.35,248.0,249.1
2017-08-01,249.9,253.5,249.45,251.45
2017-08-02,251.95,253.4,249.0,250.85
2017-08-03,251.6,251.8,241.1,241.75
2017-08-04,242.0,250.2,238.45,249.2
2017-08-07,249.8,253.2,248.6,251.5
2017-08-08,248.4,250.95,243.2,245.05
2017-08-09,244.9,245.3,241.1,242.5
2017-08-10,241.2,242.25,237.5,238.95
2017-08-11,237.0,240.4,233.7,235.9
2017-08-14,236.6,240.9,236.15,238.15
2017-08-16,237.0,239.9,234.5,237.95
2017-08-17,239.4,249.35,237.05,246.95
2017-08-18,246.5,247.9,241.7,243.35
2017-08-21,244.0,249.4,237.55,238.45
2017-08-22,240.55,243.05,238.55,240.55
2017-08-23,242.3,242.5,239.5,241.1
2017-08-24,242.4,242.8,239.6,241.3
2017-08-28,242.0,244.3,241.55,243.6
2017-08-29,242.5,242.5,238.0,238.25
2017-08-30,240.95,242.4,239.15,241.8
2017-08-31,241.5,241.5,235.85,237.4
2017-09-01,238.05,240.4,238.05,238.65
2017-09-04,239.0,247.2,238.95,246.5
2017-09-05,246.5,254.7,244.6,253.85
2017-09-06,251.55,257.55,251.05,255.8
2017-09-07,258.7,258.9,251.65,253.3
2017-09-08,253.3,255.85,251.55,255.0
2017-09-11,256.5,259.6,255.25,257.05
2017-09-12,256.1,258.3,253.4,257.55
2017-09-13,257.0,259.7,255.1,256.35
2017-09-14,255.6,258.2,254.05,255.05
2017-09-15,255.2,262.2,255.2,259.8
2017-09-18,261.45,265.0,260.1,264.55
2017-09-19,262.0,262.95,257.1,258.55
2017-09-20,258.55,258.7,253.2,256.55
2017-09-21,255.5,256.4,248.5,254.05
2017-09-22,253.5,254.45,248.0,253.8
2017-09-25,254.4,257.7,250.25,257.05
2017-09-26,257.5,261.85,253.8,260.4
2017-09-27,261.75,261.9,255.3,260.85
2017-09-28,260.0,270.25,258.95,267.8
2017-09-29,270.0,272.4,267.3,270.85
2017-10-03,273.0,274.3,269.15,272.0
2017-10-04,271.15,271.85,268.7,270.0
2017-10-05,270.0,273.95,269.05,273.25
2017-10-06,273.5,278.5,273.45,276.7
2017-10-09,277.0,281.95,276.8,281.35
2017-10-10,281.35,286.25,281.35,285.65
2017-10-11,286.0,286.5,280.75,282.95
2017-10-12,281.9,283.75,280.15,282.4
2017-10-13,282.6,289.0,282.6,287.25
2017-10-16,287.3,291.5,286.75,290.7
2017-10-17,291.0,291.0,288.25,290.05
2017-10-18,290.0,291.45,288.3,290.0
2017-10-19,290.0,290.05,284.9,285.8
2017-10-23,286.5,291.4,286.5,289.85
2017-10-24,289.05,291.95,288.0,289.7
2017-10-25,291.0,291.7,287.55,289.15
2017-10-26,289.0,295.0,289.0,293.35
2017-10-27,294.0,294.25,287.9,289.15
2017-10-30,289.15,290.9,285.1,288.9
2017-10-31,287.0,288.3,283.35,286.45
2017-11-01,286.5,290.0,281.55,286.55
2017-11-02,286.9,292.35,284.65,291.2
2017-11-03,291.2,292.0,285.05,286.55
2017-11-06,286.5,289.45,283.9,286.35
2017-11-07,286.6,287.8,283.1,284.65
2017-11-08,283.25,289.0,282.5,288.05
2017-11-09,286.9,287.5,280.05,283.25
2017-11-10,283.3,287.45,278.0,284.35
2017-11-13,276.2,280.3,274.0,274.95
2017-11-14,274.35,275.4,271.25,274.15
2017-11-15,274.0,274.15,270.2,272.35
2017-11-16,272.5,272.9,266.15,268.35
2017-11-17,271.5,273.4,268.75,272.8
2017-11-20,273.0,280.25,270.05,278.35
2017-11-21,279.0,282.0,273.1,273.8
2017-11-22,275.5,276.5,271.1,271.8
2017-11-23,271.5,274.1,268.8,270.45
2017-11-24,270.75,272.85,270.4,271.5
2017-11-27,270.85,272.4,269.35,271.65
2017-11-28,272.0,276.4,269.55,274.35
2017-11-29,276.9,282.1,274.5,276.3
2017-11-30,275.3,278.3,272.5,275.8
2017-12-01,275.2,276.35,270.0,272.05
2017-12-04,273.0,273.6,265.15,265.9
2017-12-05,265.0,266.35,263.1,265.25
2017-12-06,263.2,267.85,263.2,265.1
2017-12-07,266.0,266.9,262.0,262.8
2017-12-08,264.9,265.6,262.35,264.85
2017-12-11,265.65,270.4,265.3,269.85
2017-12-12,269.6,269.8,262.5,263.4
2017-12-13,264.85,264.95,261.0,263.15
2017-12-14,263.25,264.65,262.2,262.85
2017-12-15,264.0,271.55,263.8,271.0
2017-12-18,269.95,274.65,262.3,267.65
2017-12-19,269.4,271.9,266.45,267.6
2017-12-20,272.0,272.0,268.15,269.45
2017-12-21,271.4,271.4,266.85,267.9
2017-12-22,268.15,268.7,265.3,265.9
2017-12-26,267.7,267.7,263.0,263.75
2017-12-27,263.3,265.1,261.6,262.55
2017-12-28,262.8,265.85,262.1,263.15
2017-12-29,263.1,264.45,261.8,262.95
2018-01-01,263.0,267.3,262.6,266.65
2018-01-02,268.0,270.9,267.0,270.05
2018-01-03,271.0,273.45,269.7,271.85
2018-01-04,272.9,279.85,272.2,277.8
2018-01-05,278.5,280.65,278.0,278.75
2018-01-08,279.0,290.6,279.0,287.45
2018-01-09,299.7,311.0,296.65,304.05
2018-01-10,306.0,309.8,305.0,308.3
2018-01-11,308.0,310.0,302.95,308.1
2018-01-12,309.0,310.8,306.2,309.0
2018-01-15,309.25,310.45,304.5,305.9
2018-01-16,305.9,305.9,290.6,291.6
2018-01-17,293.0,294.95,286.3,290.95
2018-01-18,293.3,293.8,278.1,283.05
2018-01-19,283.05,285.9,280.5,284.0
2018-01-22,287.1,289.7,283.7,285.05
2018-01-23,285.2,294.15,285.2,293.1
2018-01-24,292.5,298.5,287.0,294.55
2018-01-25,294.55,302.65,294.55,299.4
2018-01-29,298.5,306.0,296.95,301.75
2018-01-30,299.0,307.5,295.2,305.9
2018-01-31,303.5,304.55,298.0,299.55
2018-02-01,300.1,301.15,290.95,295.6
2018-02-02,292.1,297.55,286.05,290.35
2018-02-05,293.0,296.0,285.0,294.8
2018-02-06,287.0,292.0,280.1,290.35
2018-02-07,291.5,299.7,290.35,297.6
2018-02-08,297.6,302.6,296.7,300.0
2018-02-09,295.1,304.45,294.4,300.15
2018-02-12,303.9,305.0,297.05,300.65
2018-02-14,300.0,309.45,300.0,306.95
2018-02-15,307.5,311.8,304.65,308.1
2018-02-16,308.1,310.45,302.6,303.5
2018-02-19,303.0,307.4,301.05,305.4
2018-02-20,305.0,311.85,302.0,310.4
2018-02-21,311.0,312.0,305.15,310.55
2018-02-22,306.5,315.0,306.5,311.55
2018-02-23,310.75,313.85,308.35,310.95
2018-02-26,311.25,316.4,309.0,314.05
2018-02-27,313.65,316.95,307.2,309.0
2018-02-28,307.0,311.8,305.0,309.15
2018-03-01,310.8,314.15,308.0,312.9
2018-03-05,310.45,311.45,303.95,305.8
2018-03-06,306.9,309.45,301.1,307.0
2018-03-07,306.0,308.95,302.9,306.95
2018-03-08,308.0,308.75,302.15,305.5
2018-03-09,305.0,307.5,302.1,304.05
2018-03-12,305.4,306.9,296.0,297.65
2018-03-13,297.5,298.65,290.0,294.85
2018-03-14,291.0,294.4,290.7,293.1
2018-03-15,294.0,298.9,292.1,295.5
2018-03-16,280.3,281.4,276.2,278.2
2018-03-19,279.5,279.5,269.1,272.3
2018-03-20,269.1,273.3,268.35,270.25
2018-03-21,270.9,272.55,269.05,270.9
2018-03-22,270.0,273.45,268.0,269.4
2018-03-23,266.65,271.8,265.0,269.95
2018-03-26,270.0,274.5,268.05,273.45
2018-03-27,274.1,276.8,272.25,276.2
2018-03-28,274.7,285.75,272.85,283.3
2018-04-02,283.35,283.5,275.15,277.5
2018-04-03,276.2,279.6,275.15,278.95
2018-04-04,278.8,278.9,273.2,274.55
2018-04-05,276.15,279.5,275.45,277.8
2018-04-06,277.7,278.8,274.5,275.8
2018-04-09,276.35,276.35,273.5,274.45
2018-04-10,276.0,281.45,273.25,280.9
2018-04-11,283.65,285.35,278.05,283.4
2018-04-12,281.55,282.75,279.1,281.5
2018-04-13,282.5,285.5,280.0,285.0
2018-04-16,284.6,286.8,283.35,286.1
2018-04-17,286.25,290.4,285.45,287.6
2018-04-18,287.0,288.45,282.9,285.1
2018-04-19,285.25,287.25,281.7,283.2
2018-04-20,283.25,294.95,282.45,292.05
2018-04-23,292.0,292.0,288.6,289.8
2018-04-24,289.0,293.95,287.15,290.5
2018-04-25,290.1,293.8,287.75,290.95
2018-04-26,290.5,292.95,288.25,290.8
2018-04-27,290.0,292.25,282.5,286.75
2018-04-30,287.5,288.0,282.7,285.0
2018-05-02,283.1,283.45,279.05,280.5
2018-05-03,278.25,281.8,276.1,276.95
2018-05-04,276.8,277.45,270.4,271.3
2018-05-07,273.8,273.8,265.3,267.4
2018-05-08,268.05,272.0,266.65,268.15
2018-05-09,268.2,269.75,266.7,267.35
2018-05-10,268.8,272.95,267.8,269.35
2018-05-11,272.0,272.3,269.5,271.0
2018-05-14,271.0,273.0,266.7,270.05
2018-05-15,270.05,271.25,262.15,263.5
2018-05-16,264.0,265.0,257.3,263.5
2018-05-17,265.9,273.4,265.1,271.5
2018-05-18,271.5,274.55,265.8,266.8
2018-05-21,267.5,271.5,264.6,270.25
2018-05-22,272.7,279.9,271.5,279.05
2018-05-23,277.15,279.9,274.75,276.2
2018-05-24,277.0,281.5,274.5,280.1
2018-05-25,280.1,283.3,272.55,275.6
2018-05-28,277.0,287.8,276.7,284.8
2018-05-29,286.35,287.0,276.5,282.35
2018-05-30,281.0,292.5,277.65,289.05
2018-05-31,292.1,303.45,290.0,296.25
2018-06-01,293.0,299.7,290.1,294.65
2018-06-04,295.2,297.85,291.4,292.6
2018-06-05,293.9,294.75,283.75,285.25
2018-06-06,285.55,292.25,284.45,290.65
2018-06-07,289.0,291.0,287.3,288.9
2018-06-08,288.7,293.6,287.0,289.9
2018-06-11,290.0,294.45,286.15,287.9
2018-06-12,287.9,289.8,283.0,283.55
2018-06-13,284.1,287.7,283.65,284.0
2018-06-14,283.8,286.95,278.3,283.2
2018-06-15,286.5,286.5,277.5,279.05
2018-06-18,279.0,279.05,271.2,274.2
2018-06-19,272.35,275.4,271.3,272.95
2018-06-20,273.1,274.0,267.45,270.6
2018-06-21,270.7,272.9,266.3,267.7
2018-06-22,267.1,267.7,263.05,264.85
2018-06-25,264.0,265.75,257.4,259.0
2018-06-26,258.3,270.2,258.2,265.15
2018-06-27,265.0,267.95,260.85,265.9
2018-06-28,266.85,266.85,258.65,260.65
2018-06-29,259.0,265.2,259.0,264.35
2018-07-02,263.15,264.0,258.6,260.55
2018-07-03,262.5,262.7,259.3,260.85
2018-07-04,261.05,266.95,259.6,264.35
2018-07-05,264.5,271.75,260.5,270.3
2018-07-06,270.0,271.95,267.2,271.2
2018-07-09,272.25,274.2,269.0,271.15
2018-07-10,271.25,279.7,270.55,278.45
2018-07-11,277.0,277.9,263.75,264.8
2018-07-12,267.0,271.25,264.85,265.25
2018-07-13,266.8,270.65,266.3,267.8
2018-07-16,267.7,268.0,260.1,261.15
2018-07-17,261.5,266.8,261.25,264.75
2018-07-18,266.0,268.5,259.95,262.15
2018-07-19,262.5,263.95,260.0,261.2
2018-07-20,261.7,264.9,258.6,263.5
2018-07-23,262.5,266.25,261.2,261.7
2018-07-24,263.0,267.4,262.1,266.65
2018-07-25,266.2,266.5,262.5,264.65
2018-07-26,264.65,266.7,263.05,265.1
2018-07-27,266.4,266.9,259.65,262.15
2018-07-30,262.9,266.6,261.4,262.5
2018-07-31,263.8,264.05,260.35,261.1
2018-08-01,262.0,272.2,261.6,270.65
2018-08-02,274.5,274.95,271.15,273.55
2018-08-03,274.0,282.35,273.65,279.25
2018-08-06,278.85,285.6,278.25,283.15
2018-08-07,283.15,288.75,273.05,275.4
2018-08-08,275.5,279.45,274.75,276.0
2018-08-09,278.35,284.0,276.0,280.1
2018-08-10,279.0,279.7,272.5,275.8
2018-08-13,280.0,284.65,276.0,279.05
2018-08-14,280.0,283.85,277.0,282.65
2018-08-16,280.0,286.3,280.0,282.7
2018-08-17,285.0,286.6,281.0,281.4
2018-08-20,283.5,290.7,281.75,284.05
2018-08-21,286.15,292.6,285.0,291.4
2018-08-23,291.7,293.75,287.15,289.05
2018-08-24,287.85,293.6,287.8,291.0
2018-08-27,291.0,295.45,289.45,293.15
2018-08-28,295.0,299.75,290.25,294.7
2018-08-29,292.7,294.35,285.3,286.3
2018-08-30,286.45,290.55,284.6,285.6
2018-08-31,286.25,290.5,285.0,285.95
2018-09-03,287.5,289.8,286.15,287.65
2018-09-04,288.0,288.9,278.6,279.6
2018-09-05,279.9,279.95,272.0,277.6
2018-09-06,278.5,284.9,277.35,283.65
2018-09-07,284.6,287.5,283.0,286.55
2018-09-10,286.0,286.35,278.65,279.6
2018-09-11,282.8,288.0,275.8,283.1
2018-09-12,284.4,287.6,279.25,281.55
2018-09-14,283.0,285.9,277.0,277.35
2018-09-17,277.5,278.15,273.25,274.95
2018-09-18,274.6,276.0,268.7,273.2
2018-09-19,275.0,281.95,275.0,280.65
2018-09-21,283.2,286.25,273.6,275.25
2018-09-24,276.0,284.0,275.65,281.15
2018-09-25,281.15,285.95,273.15,275.25
2018-09-26,277.0,277.0,270.2,272.55
2018-09-27,272.8,278.0,270.95,276.25
2018-09-28,275.8,275.8,264.4,266.25
2018-10-01,266.25,274.0,262.8,272.8
2018-10-03,273.0,281.0,268.85,276.75
2018-10-04,271.6,277.8,268.6,273.3
2018-10-05,274.0,274.15,261.3,263.0
2018-10-08,263.0,272.95,262.5,267.9
2018-10-09,269.9,277.7,268.5,273.95
2018-10-10,271.5,276.8,270.3,272.7
2018-10-11,268.0,274.5,265.05,266.6
2018-10-12,269.5,279.9,268.5,278.6
2018-10-15,279.3,280.85,272.75,275.65
2018-10-16,277.2,278.35,274.4,276.4
2018-10-17,279.6,283.85,277.2,279.9
2018-10-19,279.15,281.2,274.45,275.15
2018-10-22,277.5,280.65,274.1,275.5
2018-10-23,274.5,280.85,274.3,277.35
2018-10-24,280.0,280.2,273.6,277.25
2018-10-25,274.8,283.95,274.1,282.2
2018-10-26,283.1,283.7,275.8,281.1
2018-10-29,281.5,289.2,277.35,287.4
2018-10-30,286.15,286.4,275.0,275.85
2018-10-31,265.0,267.9,263.8,266.15
2018-11-01,264.95,266.0,260.1,261.1
2018-11-02,259.0,264.5,258.9,261.55
2018-11-05,261.95,265.25,261.8,264.35
2018-11-06,265.0,266.65,264.2,265.9
2018-11-07,266.5,267.3,265.9,266.95
2018-11-09,268.75,271.85,266.55,268.45
2018-11-12,270.0,271.4,263.2,263.9
2018-11-13,267.5,268.7,264.15,265.55
2018-11-14,267.0,267.0,263.75,265.75
2018-11-15,265.75,266.5,262.1,263.15
2018-11-16,264.0,265.8,261.3,263.65
2018-11-19,264.5,264.7,262.65,264.15
2018-11-20,264.0,265.6,261.0,261.45
2018-11-21,261.5,263.2,260.25,260.95
2018-11-22,261.0,261.4,256.1,256.65
2018-11-26,256.95,258.5,247.2,250.75
2018-11-27,252.5,254.2,250.15,251.9
2018-11-28,252.5,253.75,247.25,247.85
2018-11-29,250.0,250.6,241.0,246.9
2018-11-30,247.0,248.4,239.05,244.9
2018-12-03,246.0,251.8,245.35,249.0
2018-12-04,248.9,254.0,248.2,252.25
2018-12-05,251.5,252.45,244.0,245.3
2018-12-06,244.5,245.65,239.8,240.6
2018-12-07,241.95,242.45,236.5,236.75
2018-12-10,234.75,239.1,228.35,238.15
2018-12-11,233.75,244.05,233.75,242.1
2018-12-12,241.5,247.75,239.8,247.0
2018-12-13,249.0,249.0,243.0,244.55
2018-12-14,244.55,250.4,242.0,247.15
2018-12-17,249.1,253.7,246.2,251.45
2018-12-18,252.5,253.85,249.05,251.85
2018-12-19,252.7,253.3,250.0,251.0
2018-12-20,248.6,254.5,248.0,250.55
2018-12-21,250.9,253.35,247.15,252.75
2018-12-24,254.0,254.0,246.9,248.3
2018-12-26,248.3,250.4,246.0,247.05
2018-12-27,249.5,254.0,243.85,250.2
2018-12-28,242.9,243.35,239.75,242.3
2018-12-31,242.7,244.4,240.1,240.75
2019-01-01,241.0,242.45,240.25,241.5
2019-01-02,240.9,241.45,236.05,236.7
2019-01-03,238.7,238.7,233.2,235.0
2019-01-04,234.1,237.7,233.75,236.5
2019-01-07,238.0,238.0,233.5,234.5
2019-01-08,234.5,235.15,232.15,233.3
2019-01-09,234.2,234.85,231.8,232.65
2019-01-10,233.8,233.95,232.05,233.0
2019-01-11,233.7,233.75,231.5,232.25
2019-01-14,232.4,232.5,229.05,230.9
2019-01-15,231.5,233.6,231.05,232.65
2019-01-16,232.8,233.4,231.55,232.05
2019-01-17,232.75,232.75,230.4,232.05
2019-01-18,232.15,232.55,229.6,230.0
2019-01-21,230.45,231.25,228.15,229.0
2019-01-22,228.45,230.35,225.8,227.75
2019-01-23,227.8,228.0,225.25,225.55
2019-01-24,225.7,226.25,223.0,223.85
2019-01-25,224.25,226.2,220.1,220.95
2019-01-28,221.25,227.5,218.05,225.2
2019-01-29,225.4,225.85,221.15,222.55
2019-01-30,222.0,228.0,220.55,225.2
2019-01-31,226.5,227.5,223.05,224.65
2019-02-01,224.35,226.7,222.75,223.2
2019-02-04,223.3,224.2,220.05,222.1
2019-02-05,222.0,223.4,215.7,216.4
2019-02-06,216.5,220.7,216.35,219.95
2019-02-07,220.8,224.65,220.15,224.2
2019-02-08,223.9,225.65,217.6,218.65
2019-02-11,217.7,220.35,214.15,218.8
2019-02-12,219.8,223.9,219.35,223.05
2019-02-13,226.0,228.0,219.55,220.25
2019-02-14,217.0,219.7,211.4,217.2
2019-02-15,219.9,221.5,214.7,219.95
2019-02-18,218.0,218.0,214.8,215.15
2019-02-19,215.25,218.95,213.55,214.25
2019-02-20,214.8,216.4,213.55,214.95
2019-02-21,215.05,215.7,213.2,213.7
2019-02-22,214.85,216.9,213.45,214.95
2019-02-25,216.0,216.7,212.7,214.35
2019-02-26,213.3,222.0,213.0,220.15
2019-02-27,221.5,224.4,219.6,221.45
2019-02-28,223.5,229.9,222.15,228.3
2019-03-01,228.8,233.0,226.6,232.65
2019-03-05,233.4,242.0,232.7,241.15
2019-03-06,241.15,246.2,238.0,242.75
2019-03-07,243.0,243.0,233.35,235.0
2019-03-08,233.1,237.5,229.6,234.9
2019-03-11,236.7,245.0,235.25,243.4
2019-03-12,245.0,246.9,241.2,242.95
2019-03-13,242.0,242.0,233.8,238.65
2019-03-14,240.9,244.1,238.5,243.2
2019-03-15,238.85,246.15,238.0,244.35
2019-03-18,243.95,245.6,242.0,244.2
2019-03-19,244.55,247.9,241.35,242.9
2019-03-20,244.6,244.6,236.0,237.0
2019-03-22,232.7,233.8,230.0,231.95
